,one,two,three,four,receiveTime
1,7,241,8,241,3
1,10,243,10,244,6
1,13,255,13,257,9
1,16,262,16,260,12
1,19,250,19,248,14
1,21,241,22,240,17
1,25,239,25,239,21
1,28,247,28,249,24
1,31,260,32,260,27
1,34,254,34,252,30
1,37,241,37,239,33
1,40,237,40,236,37
1,43,240,43,241,39
1,47,253,47,255,42
1,50,257,50,256,46
1,53,242,54,240,49
1,56,235,57,235,52
1,59,237,60,237,55
1,62,249,63,251,58
1,65,256,66,256,61
1,68,249,68,246,64
1,70,237,71,236,66
1,73,233,73,232,69
1,75,234,76,234,71
1,78,242,78,244,74
1,80,253,81,253,77
1,83,249,84,246,80
1,86,236,86,235,82
1,90,231,90,230,85
1,92,231,93,231,88
1,95,238,95,240,90
1,97,250,98,251,93
1,100,249,101,247,96
1,103,235,103,233,99
1,106,229,106,229,101
1,108,228,109,229,104
1,111,234,111,236,107
1,113,247,114,248,109
1,116,248,116,246,112
1,119,235,119,233,115
1,121,227,122,227,118
1,124,226,125,226,120
1,127,230,127,232,123
1,129,244,130,246,126
1,133,246,134,244,129
1,136,234,136,232,131
1,138,226,139,225,134
1,141,224,141,224,137
1,144,227,144,228,139
1,146,240,147,242,142
1,149,245,149,244,145
1,152,234,152,231,148
1,154,224,155,224,150
1,157,222,158,222,153
1,160,225,160,226,156
1,163,239,163,240,159
1,165,243,166,242,161
1,168,232,168,230,164
1,171,223,171,222,167
1,173,220,175,220,170
1,177,224,178,225,173
1,180,237,180,239,175
1,183,240,184,238,179
1,186,227,186,225,182
1,189,220,189,219,184
1,191,219,192,219,187
1,194,224,195,227,190
1,197,238,197,239,193
1,199,239,200,237,195
1,202,225,203,223,198
1,205,218,205,218,201
1,208,217,208,217,204
1,210,222,211,224,207
1,214,238,214,238,210
1,216,234,218,231,213
1,220,221,221,220,216
1,223,215,223,215,219
1,226,216,226,216,221
1,228,224,229,227,224
1,231,236,231,236,227
1,234,233,234,230,229
1,236,219,237,218,232
1,239,214,239,213,235
1,242,214,242,214,238
1,244,221,245,224,240
1,247,234,248,234,243
1,250,232,250,229,246
1,252,220,253,217,248
1,255,212,255,212,251
1,258,212,258,212,254
1,261,216,262,219,257
1,264,230,264,232,259
1,266,232,267,230,262
1,269,219,270,217,265
1,272,211,272,210,268
1,275,210,275,210,271
1,277,215,278,217,273
1,280,228,280,230,277
1,283,227,284,225,280
1,286,214,287,213,282
1,289,209,289,208,285
1,292,209,292,210,288
1,294,217,295,220,291
1,297,229,297,229,293
1,300,226,300,223,296
1,303,213,304,212,299
1,306,207,306,207,302
1,309,207,309,208,304
1,311,213,312,216,307
1,314,226,314,227,310
1,316,226,317,224,312
1,319,213,320,211,315
1,322,206,322,206,318
1,324,205,325,205,320
1,327,209,327,211,323
1,330,224,330,225,326
1,332,225,333,224,329
1,335,213,336,211,331
1,338,205,338,204,334
1,341,203,341,204,337
1,343,208,344,210,340
1,347,222,347,223,343
1,350,223,350,222,346
1,353,208,354,207,349
1,356,202,356,202,352
1,359,203,359,203,355
1,361,210,362,213,357
1,364,223,365,223,360
1,367,220,367,217,363
1,369,207,370,205,365
1,372,201,373,201,368
1,375,201,375,202,371
1,377,208,378,211,374
1,380,221,381,221,377
1,383,219,383,217,379
1,386,206,386,204,382
1,389,199,390,199,385
1,392,199,392,200,388
1,395,207,395,209,390
1,397,220,398,220,393
1,400,217,401,215,396
1,403,204,403,202,399
1,406,198,406,198,402
1,408,198,409,199,405
1,412,209,412,212,408
1,414,219,415,219,411
1,417,213,418,210,413
1,420,201,420,200,416
1,423,196,423,196,419
1,425,198,426,199,422
1,428,208,428,211,424
1,432,218,432,218,427
1,434,212,435,209,430
1,437,200,437,198,433
1,440,195,440,195,436
1,442,196,443,197,438
1,445,206,446,209,441
1,448,216,448,217,444
1,451,210,451,207,447
1,453,198,454,197,450
1,456,194,457,193,452
1,459,195,459,196,455
1,462,206,462,208,458
1,464,215,465,215,461
1,467,208,468,205,464
1,470,196,470,195,466
1,474,192,474,192,469
1,476,194,477,195,472
1,479,205,479,208,475
1,482,214,482,214,478
1,484,206,485,204,480
1,487,195,488,194,483
1,490,191,490,191,486
1,493,193,493,194,489
1,495,204,496,207,491
1,498,213,498,213,495
1,501,203,502,201,497
1,504,193,504,192,500
1,506,190,507,189,503
1,509,192,510,193,505
1,512,203,512,206,508
1,514,211,516,211,511
1,518,203,519,201,514
1,521,193,521,191,516
1,523,189,524,188,519
1,526,191,527,191,522
1,529,200,529,203,524
1,531,210,532,210,527
1,534,205,534,202,530
1,537,192,537,191,533
1,539,187,540,187,535
1,542,188,542,190,538
1,545,198,545,200,541
1,547,209,548,209,544
1,550,204,551,201,547
1,553,191,553,190,549
1,556,187,556,186,552
1,560,189,561,191,556
1,563,202,563,204,559
1,566,208,566,207,561
1,568,198,569,196,564
1,571,188,572,187,567
1,574,185,574,185,570
1,576,188,577,189,572
1,579,201,580,203,575
1,582,207,582,206,578
1,585,196,585,194,581
1,587,187,588,186,584
1,590,184,590,184,586
1,593,187,593,188,589
1,595,200,596,202,592
1,598,206,599,205,595
1,602,196,602,194,597
1,604,186,605,185,600
1,607,183,608,183,603
1,610,186,610,187,606
1,612,197,613,200,608
1,615,205,616,205,611
1,618,196,618,194,614
1,620,186,621,184,617
1,623,182,624,182,619
1,626,185,626,186,622
1,628,195,629,198,625
1,631,204,632,204,628
1,634,196,634,194,630
1,637,185,637,184,633
1,639,181,640,181,636
1,642,184,644,185,639
1,646,195,646,198,642
1,649,203,649,203,645
1,651,194,652,191,647
1,654,184,655,182,650
1,657,180,657,180,653
1,660,183,660,184,656
1,662,196,663,198,659
1,665,202,666,202,661
1,668,192,668,190,664
1,671,182,671,181,667
1,673,179,674,179,670
1,676,183,677,184,673
1,679,196,679,198,675
1,682,201,682,200,678
1,684,191,685,188,681
1,688,181,688,180,684
1,691,178,691,179,686
1,693,182,694,183,689
1,696,195,697,197,692
1,699,201,699,200,695
1,701,190,702,188,697
1,704,181,705,180,700
1,707,177,707,178,703
1,709,181,710,181,706
1,712,193,713,195,708
1,715,200,715,200,711
1,718,191,718,188,714
1,720,180,721,179,717
1,723,177,723,177,719
1,726,180,726,180,722
1,728,191,730,194,725
1,732,199,732,199,728
1,735,190,735,187,731
1,738,179,738,178,733
1,740,175,741,176,736
1,743,179,744,180,739
1,746,192,746,194,742
1,749,198,749,197,745
1,751,187,752,185,748
1,754,177,755,176,750
1,757,175,757,175,753
1,760,179,760,180,756
1,762,192,763,194,759
1,765,197,766,196,762
1,768,185,768,183,764
1,770,176,772,176,767
1,774,174,775,174,770
1,777,178,777,180,773
1,780,192,780,194,776
1,782,197,783,196,778
1,785,185,786,183,781
1,788,176,788,175,784
1,790,174,791,174,787
1,793,177,794,179,789
1,796,191,796,193,792
1,798,196,799,195,795
1,801,185,802,183,798
1,804,176,804,175,800
1,807,173,807,173,803
1,809,176,810,177,806
1,812,189,812,191,809
1,816,195,816,195,811
1,818,186,819,183,814
1,821,176,821,175,817
1,824,172,824,172,820
1,826,176,827,177,822
1,829,188,830,191,825
1,832,195,832,195,828
1,835,184,835,182,831
1,837,175,838,174,834
1,840,172,841,172,837
1,843,176,843,177,839
1,846,189,846,191,842
1,848,194,849,193,845
1,851,182,852,180,848
1,854,173,854,173,851
1,858,171,858,172,854
1,860,175,861,177,856
1,863,189,864,192,859
1,866,193,866,192,862
1,869,181,869,179,865
1,871,173,872,171,868
1,874,171,875,171,870
1,877,175,877,177,873
1,880,189,880,191,876
1,882,192,883,191,879
1,885,180,885,178,881
1,888,172,888,171,884
1,890,170,891,170,887
1,893,174,893,175,890
1,896,188,896,190,892
1,898,192,900,191,895
1,902,180,902,178,898
1,905,171,905,170,901
1,907,169,908,169,903
1,910,173,911,173,906
1,913,187,913,189,909
1,916,191,916,190,912
1,918,179,919,177,915
1,921,170,922,169,917
1,924,168,924,169,920
1,927,173,927,174,923
1,929,187,930,189,926
1,932,189,933,188,929
1,935,177,935,174,932
1,938,169,938,168,935
1,941,168,941,168,937
1,944,173,945,176,940
1,947,188,947,189,943
1,950,188,950,186,946
1,952,175,953,173,949
1,955,168,956,167,951
1,958,168,958,168,954
1,961,174,961,176,957
1,963,188,964,189,960
1,966,187,967,185,963
1,969,174,969,172,965
1,972,167,972,167,968
1,974,167,975,168,971
1,977,173,977,176,974
1,980,187,980,188,976
1,982,187,983,185,979
1,986,174,987,172,982
1,989,167,989,166,985
1,991,166,992,167,987
1,994,172,995,174,990
1,997,186,997,187,993
2,1002,172,1003,171,2
2,6,230,6,230,5
2,9,246,9,246,8
2,12,245,12,243,11
2,15,231,15,229,14
2,17,225,18,224,16
2,20,224,20,225,19
2,22,230,23,232,22
2,26,244,27,244,24
2,29,244,29,243,27
2,31,231,32,229,30
2,34,224,35,223,33
2,37,223,37,223,36
2,40,228,40,230,39
2,42,242,43,243,41
2,45,242,46,240,45
2,49,226,49,225,47
2,51,221,52,220,50
2,54,222,54,222,53
2,57,229,57,231,56
2,59,241,60,241,58
2,62,238,62,236,61
2,65,224,65,223,64
2,68,219,69,218,67
2,71,219,71,219,69
2,74,226,74,228,72
2,76,239,77,239,75
2,79,238,79,236,77
2,81,225,82,223,80
2,84,218,84,217,83
2,87,217,87,217,85
2,89,222,90,223,88
2,92,236,92,236,91
2,95,237,95,236,93
2,97,226,98,224,96
2,100,217,100,216,99
2,102,215,103,215,102
2,105,218,105,220,104
2,108,232,108,234,107
2,111,236,112,235,110
2,114,225,115,223,113
2,117,216,117,215,115
2,120,213,120,213,118
2,122,216,123,218,121
2,125,230,125,232,123
2,127,235,128,234,126
2,130,225,131,223,129
2,133,215,133,214,132
2,135,212,136,211,134
2,138,214,138,215,137
2,141,225,141,228,140
2,143,233,144,233,143
2,146,225,146,223,145
2,149,214,149,213,148
2,151,210,153,210,151
2,155,212,156,213,154
2,158,223,158,225,156
2,160,232,161,232,159
2,163,225,164,222,162
2,166,213,166,212,164
2,168,209,169,209,167
2,171,210,171,211,170
2,174,219,174,222,172
2,176,230,177,230,175
2,179,226,179,224,178
2,182,213,182,212,181
2,184,208,185,207,184
2,187,208,187,209,186
2,190,217,190,219,189
2,193,228,193,229,193
2,196,224,197,221,195
2,200,210,200,208,198
2,202,206,203,206,201
2,205,208,205,209,204
2,208,219,208,222,206
2,210,227,211,227,209
2,213,220,214,217,212
2,216,208,216,208,215
2,218,204,219,204,217
2,221,206,222,207,220
2,224,216,224,219,223
2,226,225,227,226,226
2,229,219,230,217,228
2,232,207,232,206,231
2,235,202,235,202,234
2,238,203,238,205,236
2,241,212,241,214,239
2,243,223,244,223,244
2,246,219,247,217,247
2,251,202,251,202,250
2,253,201,254,202,253
2,257,209,257,212,256
2,259,222,260,222,258
2,262,220,262,217,261
2,265,206,265,205,264
2,267,201,268,200,266
2,270,200,270,201,269
2,273,207,273,209,272
2,275,220,276,221,275
2,278,220,278,218,277
2,282,207,282,205,280
2,284,200,285,199,283
2,287,199,287,199,285
2,290,204,290,206,288
2,292,218,293,219,291
2,295,219,295,218,294
2,298,207,298,204,296
2,300,199,301,198,299
2,303,197,303,197,302
2,305,201,306,202,305
2,308,214,309,216,307
2,311,218,311,217,310
2,314,206,314,204,313
2,316,198,317,197,316
2,319,195,319,195,318
2,322,199,322,200,321
2,325,211,326,213,324
2,328,217,328,216,326
2,330,207,331,204,329
2,333,197,334,196,333
2,337,194,337,195,335
2,339,199,340,201,338
2,342,212,342,214,341
2,345,215,345,213,344
2,347,202,348,200,346
2,350,194,351,193,349
2,353,193,353,193,352
2,355,197,356,199,355
2,358,211,359,213,357
2,361,214,361,212,360
2,363,202,364,200,363
2,367,194,367,193,365
2,370,191,370,191,368
2,372,195,373,196,371
2,375,207,375,209,374
2,378,213,378,212,376
2,380,203,381,201,379
2,383,193,383,192,382
2,386,190,386,190,385
2,388,193,389,194,388
2,391,206,392,208,390
2,394,212,394,211,393
2,397,202,397,199,396
2,399,191,400,190,399
2,402,189,403,189,402
2,405,194,406,196,405
2,409,208,410,209,408
2,412,210,412,208,410
2,414,197,415,195,413
2,417,189,418,188,416
2,420,188,420,188,419
2,423,192,423,194,421
2,425,206,426,208,424
2,428,209,428,208,427
2,431,197,431,195,430
2,433,189,434,188,432
2,436,187,436,187,435
2,438,190,439,191,438
2,441,204,442,206,440
2,444,209,444,208,443
2,446,199,447,196,446
2,449,189,450,188,449
2,453,186,453,186,451
2,455,189,456,190,454
2,458,201,459,204,457
2,461,208,461,208,460
2,464,198,464,196,462
2,466,188,467,187,465
2,469,185,469,185,468
2,471,187,472,188,470
2,474,197,474,200,473
2,477,207,477,206,476
2,479,199,480,197,478
2,482,188,483,187,481
2,485,184,485,183,484
2,487,185,488,186,487
2,490,195,490,198,489
2,494,205,494,205,492
2,496,200,497,197,495
2,499,187,500,186,498
2,502,183,502,182,501
2,505,185,506,187,504
2,508,198,508,201,507
2,511,205,511,204,510
2,513,194,514,192,513
2,516,185,517,184,515
2,519,182,519,182,518
2,522,185,522,186,521
2,524,197,525,200,524
2,527,204,527,204,526
2,530,194,530,192,529
2,532,184,533,183,532
2,535,181,535,181,535
2,539,184,539,185,537
2,541,196,542,199,541
2,545,203,545,201,544
2,547,191,548,188,546
2,550,182,551,181,549
2,553,180,553,180,552
2,556,184,556,186,555
2,558,198,559,200,558
2,561,202,561,200,560
2,564,189,564,187,563
2,567,181,567,180,566
2,569,179,570,179,569
2,572,184,573,185,572
2,575,198,575,199,575
2,578,200,578,198,577
2,581,187,582,185,581
2,585,179,585,179,583
2,587,179,588,180,586
2,590,187,591,189,589
2,593,199,593,200,592
2,596,197,596,195,595
2,598,183,599,182,597
2,601,178,601,178,600
2,604,178,604,179,603
2,606,186,607,189,606
2,609,198,610,199,608
2,612,196,612,194,611
2,614,183,615,181,614
2,617,177,618,177,617
2,620,177,620,178,620
2,624,186,624,189,622
2,626,198,627,198,625
2,629,195,629,193,628
2,632,182,632,181,631
2,634,176,635,176,633
2,637,176,638,177,636
2,640,183,640,186,639
2,642,196,643,197,642
2,645,195,646,193,644
2,648,182,648,180,647
2,650,176,651,175,650
2,653,175,654,176,653
2,656,183,657,185,656
2,659,196,659,196,658
2,661,194,662,192,661
2,665,180,666,179,664
2,668,174,669,174,667
2,671,175,671,176,670
2,674,184,674,186,673
2,676,195,677,196,675
2,679,191,680,188,678
2,682,178,682,177,681
2,685,173,685,173,684
2,687,174,688,175,687
2,690,183,690,186,689
2,693,194,693,195,692
2,695,190,696,187,695
2,698,177,699,176,698
2,701,172,701,172,701
2,704,173,704,174,703
2,706,182,708,185,706
2,710,193,710,194,709
2,713,189,713,187,712
2,715,176,716,175,714
2,718,172,719,171,717
2,721,172,721,173,720
2,723,181,724,183,723
2,726,192,727,193,725
2,729,189,729,187,728
2,731,176,732,175,731
2,734,171,735,170,734
2,737,171,737,172,736
2,740,179,740,182,739
2,742,192,743,193,742
2,745,190,745,187,745
2,748,176,748,175,747
2,751,170,752,170,750
2,754,171,755,171,753
2,757,178,757,181,756
2,760,191,760,191,759
2,762,188,763,186,762
2,765,174,766,173,764
2,768,169,768,169,767
2,771,170,771,171,770
2,773,179,774,182,773
2,776,191,777,191,776
2,779,186,779,184,778
2,782,174,782,172,781
2,784,169,785,168,784
2,787,170,787,171,787
2,790,180,790,182,790
2,793,190,794,191,792
2,796,185,797,183,795
2,799,173,799,172,798
2,802,168,802,168,801
2,804,170,805,171,803
2,807,179,807,181,806
2,810,190,810,190,809
2,812,185,813,183,812
2,815,173,816,172,814
2,818,168,818,167,817
2,820,169,821,170,820
2,823,177,824,180,823
2,826,189,826,189,825
2,828,186,829,183,828
2,831,173,832,172,831
2,834,167,834,167,834
2,838,168,838,169,836
2,840,176,841,179,839
2,843,189,843,189,842
2,846,186,846,183,845
2,848,172,849,171,848
2,851,167,852,167,850
2,854,168,854,169,853
2,857,176,857,179,856
2,860,188,860,188,859
2,862,184,863,181,862
2,865,171,865,170,865
2,868,166,868,166,867
2,871,168,871,169,870
2,873,178,874,181,873
2,876,187,876,188,876
2,880,182,880,179,879
2,882,170,883,168,881
2,885,165,886,165,884
2,888,167,888,168,887
2,891,178,891,180,890
2,893,187,894,187,893
2,896,181,897,178,895
2,899,169,899,168,898
2,901,165,902,165,901
2,904,167,905,168,904
2,907,177,907,179,906
2,910,187,910,187,909
2,912,181,913,178,912
2,915,169,915,168,915
2,918,164,918,164,917
2,921,165,922,167,920
2,924,175,924,178,923
2,927,186,927,186,926
2,929,180,930,178,928
2,932,169,933,168,931
2,935,164,935,164,934
2,937,165,938,166,937
2,940,175,941,178,940
2,943,185,943,186,943
2,946,180,946,177,945
2,949,168,949,167,948
2,951,163,952,163,951
2,954,166,955,166,954
2,957,176,957,178,957
2,960,185,960,185,960
2,962,177,964,175,962
2,966,166,967,165,965
2,969,163,969,162,968
2,972,165,972,166,971
2,974,177,975,180,974
2,977,185,978,185,976
2,980,176,980,174,979
2,983,166,983,165,982
2,985,162,986,162,985
2,988,165,988,166,987
2,991,177,991,180,990
2,993,185,994,185,993
2,996,176,997,173,996
2,999,165,999,164,999
1,6,468,7,464,2
1,9,454,9,452,5
1,11,446,11,445,7
1,13,445,14,445,10
1,16,450,16,452,12
1,18,459,19,459,15
1,21,458,21,456,17
1,23,445,23,443,20
1,25,435,27,434,22
1,29,430,29,430,25
1,31,431,32,431,27
1,34,439,34,440,29
1,36,447,36,447,32
1,38,443,39,441,34
1,41,430,41,428,37
1,43,422,44,420,39
1,46,418,46,418,42
1,48,421,48,421,44
1,50,430,51,432,47
1,53,436,53,436,49
1,55,430,56,427,52
1,58,417,58,416,54
1,60,410,61,409,57
1,63,408,63,408,59
1,65,412,65,414,62
1,67,423,68,424,64
1,71,426,71,425,66
1,73,416,74,414,69
1,76,406,76,404,71
1,78,400,78,399,74
1,80,399,81,400,76
1,83,405,83,407,79
1,85,416,86,417,81
1,87,417,88,416,84
1,90,406,90,404,86
1,92,396,93,395,89
1,95,391,95,391,91
1,97,392,98,393,93
1,100,402,100,405,96
1,102,409,103,410,99
1,105,405,105,403,101
1,107,392,108,390,104
1,110,385,110,385,106
1,113,383,113,383,109
1,115,387,116,388,111
1,118,398,118,399,114
1,120,402,121,402,116
1,123,394,123,392,119
1,125,383,126,381,121
1,127,377,128,377,124
1,130,377,131,378,126
1,133,384,133,386,129
1,135,394,136,395,131
1,138,394,138,393,135
1,141,379,141,377,137
1,143,372,143,371,139
1,145,369,146,369,142
1,148,373,148,374,144
1,150,384,151,386,147
1,153,389,153,389,149
1,156,382,157,380,152
1,159,371,159,369,154
1,161,364,161,364,157
1,163,364,164,365,159
1,166,369,166,371,162
1,168,381,169,382,164
1,171,383,171,382,167
1,173,373,173,371,169
1,175,363,176,362,172
1,178,358,178,358,174
1,180,359,181,360,177
1,183,367,183,369,179
1,185,377,186,377,182
1,187,376,188,374,184
1,190,364,190,361,186
1,192,356,193,354,189
1,195,352,195,352,191
1,198,355,199,356,194
1,201,364,201,367,196
1,203,372,203,372,199
1,205,368,206,365,201
1,208,355,208,354,204
1,210,349,211,348,206
1,213,347,213,347,209
1,215,352,216,353,211
1,218,366,219,367,215
1,221,366,221,364,217
1,223,354,224,352,220
1,226,346,226,344,222
1,228,342,228,342,224
1,230,344,231,345,227
1,233,353,233,355,229
1,235,361,236,362,232
1,238,356,239,354,235
1,242,345,242,343,237
1,244,338,245,338,240
1,246,337,247,337,242
1,249,342,249,344,245
1,251,354,252,355,247
1,254,357,254,357,250
1,256,349,256,347,252
1,258,339,259,338,254
1,261,333,261,333,257
1,263,333,264,334,259
1,266,339,266,342,263
1,269,352,269,353,265
1,271,350,272,348,268
1,274,338,274,336,270
1,276,331,276,330,273
1,279,329,280,329,276
1,281,334,283,336,278
1,285,346,285,347,281
1,288,347,289,345,284
1,291,335,291,333,287
1,293,327,294,326,289
1,296,324,296,324,293
1,299,330,299,332,295
1,301,342,302,343,297
1,304,344,304,343,300
1,306,334,307,332,303
1,309,323,310,322,306
1,312,320,312,320,308
1,314,323,315,324,311
1,317,337,318,339,314
1,320,341,320,340,317
1,322,331,323,329,319
1,326,321,326,320,322
1,329,316,329,316,325
1,331,319,332,320,327
1,334,329,334,332,330
1,336,337,337,337,333
1,339,329,340,326,335
1,342,318,342,317,338
1,344,313,345,313,340
1,347,315,348,317,344
1,350,325,350,328,346
1,352,333,353,333,349
1,355,329,355,326,352
1,358,315,359,313,355
1,361,310,361,309,357
1,363,310,363,311,360
1,366,322,367,324,363
1,370,330,370,330,365
1,372,326,373,323,368
1,375,314,375,312,370
1,378,306,378,306,374
1,380,307,381,308,376
1,383,314,383,316,379
1,385,325,385,326,382
1,388,323,389,321,385
1,391,311,391,309,387
1,393,304,394,304,390
1,396,304,397,304,393
1,399,310,399,312,395
1,401,321,402,322,398
1,404,322,404,320,401
1,406,310,407,308,403
1,409,302,409,301,406
1,412,299,413,299,408
1,415,302,415,303,411
1,417,313,418,315,413
1,420,320,420,320,416
1,422,314,423,312,418
1,425,303,425,301,421
1,428,296,428,296,424
1,430,297,431,298,426
1,433,305,433,307,429
1,435,315,436,316,432
1,438,312,439,310,435
1,441,300,441,299,437
1,443,294,444,293,440
1,446,294,447,295,443
1,449,301,449,304,445
1,451,312,452,313,448
1,455,312,455,310,451
1,458,297,458,296,454
1,460,291,461,290,456
1,463,290,463,290,459
1,465,294,466,296,462
1,468,309,469,310,464
1,471,310,471,308,467
1,473,299,474,297,469
1,476,288,477,288,473
1,479,287,479,288,475
1,481,292,482,293,478
1,484,303,484,305,481
1,487,307,488,306,484
1,489,296,490,294,486
1,492,287,493,286,489
1,494,284,495,284,491
1,498,286,498,287,493
1,500,295,501,298,496
1,502,304,503,305,498
1,505,302,506,300,502
1,508,288,508,287,504
1,510,283,511,282,506
1,513,281,513,282,509
1,515,287,515,288,511
1,517,298,518,300,514
1,520,303,520,302,516
1,522,295,523,293,519
1,524,285,525,284,521
1,527,279,527,279,523
1,529,279,530,280,526
1,532,285,532,288,528
1,535,299,535,300,532
1,537,298,539,295,534
1,541,286,541,284,537
1,543,278,544,277,539
1,546,276,546,277,542
1,548,281,549,283,544
1,551,293,551,294,547
1,553,298,554,297,549
1,556,290,556,288,552
1,558,280,559,279,554
1,560,275,561,274,557
1,563,274,563,275,559
1,565,280,566,282,562
1,567,292,568,293,564
1,570,295,571,294,567
1,572,286,573,283,569
1,575,275,576,273,572
1,578,271,578,271,575
1,580,274,582,275,577
1,584,284,584,286,579
1,586,292,586,293,582
1,588,290,589,287,584
1,591,278,591,276,587
1,593,271,594,270,590
1,596,270,597,270,593
1,599,276,599,278,595
1,601,288,602,289,598
1,604,290,604,289,600
1,606,280,607,277,603
1,609,271,609,270,605
1,611,267,611,267,608
1,613,269,614,270,610
1,616,278,616,280,613
1,618,288,619,288,615
1,621,286,621,284,618
1,623,274,625,272,620
1,627,267,627,266,622
1,629,264,629,265,625
1,631,268,632,270,627
1,634,280,634,282,631
1,637,286,637,286,633
1,639,277,640,275,636
1,642,268,642,267,638
1,644,263,645,262,641
1,647,264,647,265,643
1,649,272,650,275,646
1,651,283,652,284,648
1,654,282,655,279,651
1,657,270,657,268,653
1,659,263,660,262,656
1,662,261,662,261,658
1,664,265,664,266,661
1,667,275,668,278,663
1,670,282,670,282,666
1,672,277,673,274,668
1,675,265,675,264,671
1,677,259,678,259,673
1,679,259,680,260,676
1,682,265,682,267,678
1,684,277,685,279,681
1,687,280,687,279,683
1,689,270,690,268,686
1,692,261,692,260,688
1,694,257,695,257,691
1,697,259,697,260,693
1,699,268,700,271,696
1,702,278,702,278,698
1,704,276,704,274,701
1,706,264,707,262,703
1,710,257,710,256,706
1,712,255,713,255,708
1,715,259,715,260,711
1,717,270,718,272,713
1,720,276,720,276,716
1,722,270,723,268,718
1,725,259,725,258,721
1,727,254,727,253,723
1,729,253,730,254,726
1,732,259,732,262,728
1,734,271,735,272,731
1,737,274,737,273,733
1,739,264,740,262,736
1,742,255,742,254,738
1,744,251,744,251,741
1,746,253,747,254,743
1,749,262,749,264,746
1,751,271,753,272,748
1,755,270,755,267,751
1,757,258,758,256,753
1,760,251,760,250,756
1,762,249,763,249,758
1,765,253,765,254,761
1,767,264,767,266,763
1,769,271,770,271,766
1,772,265,772,262,768
1,774,254,775,252,771
1,777,248,777,247,773
1,779,248,780,249,776
1,782,254,782,256,778
1,784,266,785,267,781
1,787,268,787,268,783
1,789,259,789,257,786
1,791,250,792,248,788
1,795,246,795,245,791
1,797,248,798,249,793
1,800,257,800,259,796
1,802,266,803,267,798
1,805,265,805,263,801
1,807,253,808,251,803
1,809,246,810,245,806
1,812,244,812,244,808
1,814,248,815,249,811
1,817,259,817,262,813
1,819,266,820,266,816
1,822,260,822,257,818
1,824,249,825,248,821
1,827,244,827,243,823
1,829,243,829,244,826
1,831,249,832,252,828
1,834,262,834,263,831
1,836,264,838,263,833
1,840,254,840,252,836
1,842,245,843,244,838
1,845,241,845,241,841
1,847,243,848,244,843
1,850,252,850,255,846
1,852,262,852,262,848
1,854,261,855,259,851
1,857,249,857,247,853
1,859,242,860,241,856
1,862,239,862,239,858
1,864,243,864,245,861
1,866,254,867,256,863
1,869,261,869,261,866
1,872,255,872,252,868
1,874,244,874,243,871
1,876,239,877,238,873
1,879,239,879,239,876
1,882,244,883,247,878
1,885,257,885,258,881
1,887,259,888,258,883
1,890,249,890,247,886
1,892,239,893,238,889
1,895,236,895,236,891
1,897,239,898,240,894
1,900,249,900,252,896
1,902,258,903,258,899
1,905,254,905,251,901
1,907,242,908,241,904
1,910,236,910,235,906
1,912,235,912,236,909
1,914,240,915,242,911
1,917,252,917,254,914
1,919,257,920,256,916
1,923,247,923,245,919
1,925,238,926,237,921
1,928,234,928,233,924
1,930,235,931,236,927
1,933,247,934,249,930
1,936,255,936,256,932
1,938,251,939,249,935
1,941,240,941,238,937
1,943,234,944,233,940
1,945,233,946,233,942
1,948,238,948,240,945
1,950,250,951,252,947
1,953,255,954,254,950
1,956,244,956,243,952
1,958,235,959,234,955
1,960,231,961,231,957
1,963,233,963,234,960
1,966,242,967,245,962
1,969,252,969,252,965
1,971,250,972,247,968
1,974,238,974,236,970
1,976,231,977,231,973
1,979,230,979,230,975
1,982,237,982,240,978
1,984,249,985,250,981
1,987,251,987,250,983
1,989,241,990,238,987
1,993,230,993,229,989
1,995,229,996,229,992
1,998,233,998,235,994
5,1000,246,1000,248,2
5,1002,251,1003,250,5
5,6,256,6,255,8
5,8,252,9,252,10
5,11,257,12,258,13
5,14,268,14,269,15
5,16,274,16,274,17
5,18,269,19,267,20
5,20,258,21,257,22
5,23,252,23,251,25
5,25,250,25,250,27
5,27,254,28,256,30
5,30,266,30,268,32
5,32,272,34,272,35
5,36,266,36,264,37
5,38,255,39,254,39
5,41,249,41,249,42
5,43,249,43,250,44
5,45,255,46,257,47
5,48,267,48,268,49
5,50,270,51,269,52
5,53,260,53,258,55
5,55,251,56,250,57
5,58,247,58,247,60
5,60,249,61,250,62
5,63,258,63,260,65
5,65,268,65,268,68
5,67,266,68,264,70
5,71,252,71,250,73
5,73,246,73,245,76
5,76,245,77,246,78
5,79,251,79,253,81
5,82,265,82,266,83
5,84,266,85,264,86
5,87,255,87,252,88
5,89,246,90,245,91
5,92,243,92,243,93
5,94,246,94,247,96
5,96,256,97,258,98
5,99,264,99,265,101
5,101,260,102,258,103
5,104,249,104,247,106
5,106,242,107,242,108
5,109,241,109,242,111
5,111,246,112,248,113
5,114,259,114,261,116
5,116,263,116,262,118
5,119,254,120,252,121
5,122,244,122,243,123
5,124,240,125,239,126
5,127,240,127,241,129
5,130,250,130,253,131
5,132,260,132,261,133
5,134,259,135,257,136
5,137,247,137,245,138
5,139,240,140,239,141
5,142,237,142,237,143
5,144,241,144,242,146
5,146,252,147,254,149
5,149,259,150,259,151
5,152,252,152,249,154
5,154,241,155,240,156
5,157,237,157,236,159
5,159,237,159,237,161
5,162,243,163,246,164
5,165,255,165,256,167
5,167,257,168,256,169
5,170,244,171,242,172
5,173,237,173,236,174
5,175,234,176,234,177
5,177,238,178,239,179
5,180,248,180,250,182
5,182,256,183,256,185
5,185,252,185,249,187
5,187,240,188,239,190
5,190,233,191,233,192
5,193,234,193,234,194
5,195,241,195,243,197
5,197,252,198,253,199
5,200,254,200,253,202
5,202,245,204,242,204
5,205,236,206,234,207
5,208,231,208,231,209
5,210,233,211,234,212
5,213,242,213,244,214
5,215,252,216,253,217
5,218,251,218,249,219
5,220,240,221,238,222
5,223,232,223,231,224
5,225,230,225,230,227
5,227,234,228,235,229
5,230,245,230,247,232
5,232,251,233,252,235
5,235,246,235,244,237
5,238,234,238,232,240
5,240,229,241,229,242
5,243,230,243,231,246
5,245,238,247,240,248
5,249,250,250,251,251
5,252,247,252,245,254
5,254,235,254,234,256
5,256,229,257,228,259
5,260,229,260,230,261
5,262,236,263,239,265
5,265,248,265,249,267
5,268,246,268,244,270
5,270,234,271,233,272
5,273,228,273,227,275
5,275,227,276,227,278
5,278,234,279,237,280
5,281,246,281,247,284
5,283,248,284,247,286
5,286,238,286,236,289
5,290,227,290,226,291
5,292,225,293,225,295
5,295,230,295,231,297
5,298,245,299,247,300
5,301,247,301,246,303
5,303,237,303,234,305
5,305,228,306,227,308
5,309,225,309,225,310
5,311,229,312,231,314
5,314,241,314,243,316
5,316,247,316,246,319
5,319,236,320,234,321
5,322,227,322,226,325
5,324,223,324,223,327
5,327,228,328,229,330
5,330,239,330,242,333
5,333,246,334,246,335
5,336,239,336,237,338
5,339,226,339,225,340
5,341,222,342,222,343
5,344,225,344,226,346
5,346,234,347,237,348
5,349,245,350,245,351
5,352,239,352,237,353
5,354,228,354,227,356
5,356,223,357,222,358
5,359,222,359,222,361
5,361,227,362,229,364
5,364,239,364,241,366
5,367,243,367,241,369
5,369,232,370,230,371
5,372,224,372,223,375
5,375,220,375,220,377
5,378,225,379,227,380
5,381,238,381,240,383
5,383,243,384,243,385
5,385,236,386,233,388
5,389,223,389,222,390
5,391,220,392,220,394
5,394,222,394,223,396
5,397,237,397,239,399
5,399,242,400,242,401
5,402,235,402,232,404
5,404,224,405,223,406
5,406,219,407,219,409
5,409,219,409,220,411
5,411,225,412,228,414
5,414,239,414,240,416
5,416,240,418,239,419
5,420,230,420,228,421
5,422,221,423,220,424
5,425,218,425,218,426
5,427,220,428,221,429
5,430,230,430,232,432
5,432,239,432,240,435
5,434,237,435,235,437
5,438,223,438,221,440
5,440,218,441,217,442
5,443,218,443,219,445
5,445,225,446,228,447
5,448,237,448,238,450
5,450,238,450,237,452
5,452,227,453,225,455
5,455,219,456,217,457
5,458,216,458,216,460
5,461,219,461,220,463
5,463,230,464,232,466
5,467,238,467,238,468
5,469,230,469,228,471
5,471,220,472,219,474
5,474,215,474,215,476
5,477,217,477,219,479
5,479,227,480,229,481
5,482,236,482,237,484
5,484,234,485,232,486
5,487,223,487,221,489
5,489,216,489,215,491
5,491,214,492,214,494
5,494,218,494,220,496
5,496,230,497,232,499
5,499,236,499,237,501
5,501,231,503,228,504
5,505,220,505,218,506
5,507,214,508,213,509
5,510,214,510,215,512
5,512,221,512,224,514
5,514,233,515,234,517
5,518,233,518,230,520
5,520,221,521,219,522
5,523,214,523,214,525
5,525,213,525,213,527
5,527,217,528,219,529
5,530,229,530,231,532
5,532,235,533,235,535
5,535,228,535,226,537
5,537,217,538,216,540
5,540,213,540,212,542
5,542,213,543,214,545
5,546,220,546,223,547
5,548,232,549,233,550
5,551,234,551,232,552
5,553,223,554,221,555
5,555,215,556,214,557
5,558,211,558,211,560
5,560,215,561,216,562
5,563,224,563,227,565
5,565,233,566,233,567
5,568,230,568,228,570
5,570,218,571,217,572
5,573,212,573,211,575
5,575,211,575,211,577
5,577,216,578,217,580
5,580,227,580,229,582
5,582,233,583,232,585
5,585,226,585,223,587
5,588,215,589,214,590
5,591,210,591,210,592
5,593,211,593,211,595
5,595,218,596,220,597
5,598,229,598,230,599
5,600,231,601,230,602
5,603,221,603,219,604
5,605,213,606,211,607
5,608,209,608,209,610
5,610,211,610,212,612
5,613,222,613,224,615
5,615,231,616,231,617
5,618,227,618,225,620
5,620,216,620,214,622
5,622,209,623,209,625
5,625,208,625,209,627
5,627,213,628,215,630
5,631,225,631,227,632
5,633,231,634,230,635
5,636,223,636,220,637
5,638,213,638,212,640
5,640,208,641,207,642
5,643,208,643,209,645
5,645,216,646,218,647
5,648,227,648,228,650
5,650,229,651,228,652
5,653,218,653,216,655
5,655,210,656,209,657
5,657,207,658,206,660
5,660,210,660,211,662
5,662,220,663,222,665
5,665,228,665,229,667
5,667,226,668,224,670
5,670,214,670,213,672
5,672,208,674,207,675
5,676,206,676,206,677
5,678,211,678,213,680
5,680,223,681,225,682
5,683,228,683,228,685
5,685,221,686,218,687
5,688,211,688,209,690
5,690,206,691,205,692
5,693,207,693,207,695
5,695,214,696,217,697
5,698,226,698,227,700
5,700,227,700,225,702
5,702,216,703,214,705
5,705,208,705,207,707
5,707,205,708,205,709
5,710,208,710,209,712
5,712,218,713,221,714
5,714,227,716,227,717
5,718,225,718,222,720
5,720,212,721,211,723
5,723,206,723,205,725
5,726,205,726,206,728
5,728,211,729,214,730
5,731,224,731,225,733
5,733,226,734,225,735
5,736,216,736,214,738
5,738,208,739,207,740
5,741,204,741,204,743
5,743,206,744,207,745
5,746,216,746,218,748
5,748,225,748,226,750
5,750,224,751,222,752
5,753,213,753,211,755
5,755,206,756,205,758
5,757,203,759,203,760
5,761,207,761,209,762
5,763,218,764,221,765
5,766,225,766,226,768
5,768,221,769,218,770
5,771,209,771,208,773
5,773,203,774,203,775
5,776,204,776,205,778
5,778,210,779,213,780
5,781,223,781,224,783
5,783,225,784,224,785
5,786,215,786,212,788
5,788,206,788,205,790
5,790,202,791,202,793
5,793,205,794,206,795
5,796,215,796,218,798
5,798,224,798,224,800
5,800,221,802,219,803
5,804,209,804,208,805
5,806,203,807,202,808
5,809,202,809,202,811
5,811,207,812,208,813
5,814,220,814,221,816
5,816,224,817,223,818
5,819,215,819,213,821
5,821,206,822,205,823
5,824,201,824,201,826
5,826,203,826,204,829
5,828,211,829,213,831
5,831,222,831,223,834
5,834,220,834,218,836
5,836,208,837,207,840
5,839,202,839,202,842
5,841,201,842,201,845
5,846,210,846,212,847
5,848,221,848,222,849
5,850,223,851,221,852
5,853,213,853,210,854
5,855,204,856,203,857
5,857,200,858,200,860
5,860,203,860,204,862
5,863,215,863,218,865
5,865,223,866,223,867
5,868,218,868,216,870
5,870,207,871,205,872
5,873,201,873,200,875
5,875,201,876,201,877
5,878,207,878,209,880
5,880,219,880,221,883
5,883,222,883,221,885
5,885,212,887,210,888
5,889,204,889,202,890
5,891,200,891,199,893
5,893,202,894,203,895
5,896,211,896,213,898
5,898,221,899,221,901
5,901,220,901,218,903
5,904,206,904,205,906
5,906,200,907,200,909
5,909,200,909,200,911
5,911,206,912,209,914
5,914,220,915,221,916
5,917,221,917,219,920
5,919,210,919,208,922
5,922,200,923,200,925
5,925,199,925,200,927
5,927,205,928,207,930
5,931,217,931,219,932
5,933,222,933,221,935
5,935,214,936,212,937
5,938,204,938,203,940
5,940,199,941,198,942
5,943,201,943,202,945
5,945,209,946,212,948
5,948,220,948,221,951
5,950,219,951,218,953
5,954,205,954,204,956
5,956,200,957,199,958
5,959,199,959,200,961
5,961,205,961,207,963
5,963,217,964,219,966
5,966,221,966,220,969
5,968,212,969,210,971
5,972,201,973,200,974
5,975,198,975,198,976
5,977,202,978,203,979
5,980,212,980,215,982
5,983,221,983,221,984
5,985,214,986,211,987
5,988,203,988,202,989
5,990,198,990,198,992
5,992,199,993,200,994
5,995,205,995,208,998
5,997,218,998,219,1000
1,7,459,8,458,2
1,10,459,10,459,5
1,12,467,13,469,8
1,15,472,15,472,10
1,17,466,17,463,13
1,19,453,20,451,15
1,22,445,22,444,17
1,24,442,25,442,20
1,27,446,27,447,22
1,29,456,30,457,26
1,32,458,33,456,28
1,35,446,35,443,31
1,37,436,38,435,33
1,40,432,40,431,36
1,42,433,42,433,38
1,44,441,45,443,41
1,48,449,48,449,43
1,50,446,51,443,46
1,53,433,53,431,48
1,55,425,55,424,50
1,57,422,58,422,53
1,60,425,60,426,55
1,62,435,63,437,58
1,65,440,65,440,60
1,67,434,68,431,63
1,70,422,70,420,65
1,72,415,72,414,68
1,74,413,75,414,70
1,77,418,77,420,73
1,79,429,80,430,75
1,82,432,82,431,78
1,84,422,84,419,80
1,86,411,87,410,83
1,89,406,89,405,85
1,92,406,93,407,88
1,95,414,95,416,90
1,97,423,97,424,92
1,99,423,100,421,95
1,102,411,102,408,97
1,104,402,105,400,100
1,107,398,107,398,102
1,109,400,110,400,105
1,111,409,112,412,107
1,114,417,114,417,110
1,116,413,117,411,112
1,119,401,119,399,115
1,122,392,122,392,118
1,124,392,125,392,120
1,127,397,127,400,123
1,130,410,130,410,126
1,133,408,134,406,129
1,136,396,136,393,131
1,138,388,139,387,133
1,141,385,142,386,137
1,144,390,144,392,139
1,146,401,147,403,142
1,148,405,149,404,144
1,151,396,151,393,147
1,153,385,154,384,149
1,156,379,156,379,151
1,158,379,158,380,154
1,160,385,161,387,156
1,163,396,163,397,159
1,165,398,166,397,161
1,168,387,168,385,164
1,171,376,171,375,167
1,173,373,174,373,169
1,177,376,177,377,172
1,179,386,179,388,174
1,181,393,182,393,177
1,184,387,184,384,179
1,186,375,187,374,182
1,189,369,189,368,185
1,191,368,192,368,187
1,194,374,194,376,190
1,196,385,197,387,192
1,199,387,199,386,194
1,201,377,201,375,197
1,203,367,204,366,199
1,206,362,206,362,202
1,208,363,209,364,205
1,211,374,212,377,207
1,214,382,214,382,210
1,216,378,217,376,212
1,219,366,220,364,215
1,222,359,222,358,217
1,224,357,225,357,220
1,227,361,227,363,222
1,229,373,230,375,225
1,232,377,232,377,227
1,234,369,235,366,230
1,237,358,237,357,232
1,239,353,239,353,235
1,241,353,242,353,237
1,244,359,244,362,240
1,246,371,247,372,242
1,250,369,250,367,246
1,252,357,252,355,248
1,254,350,255,349,251
1,257,348,257,348,253
1,259,351,261,353,255
1,262,362,263,364,258
1,265,368,265,368,260
1,267,362,268,359,264
1,271,348,271,347,266
1,273,343,273,343,269
1,275,345,276,346,271
1,278,353,278,355,274
1,281,364,281,364,277
1,283,359,284,356,279
1,286,347,286,345,282
1,288,340,289,340,284
1,291,339,291,339,287
1,293,344,293,346,289
1,295,355,296,357,292
1,298,359,299,357,295
1,301,348,301,346,297
1,304,339,305,338,300
1,307,335,307,335,303
1,310,339,311,341,306
1,313,351,313,353,308
1,315,356,315,356,311
1,317,348,318,346,314
1,320,336,321,334,316
1,323,331,323,331,319
1,325,333,326,334,321
1,328,341,328,344,324
1,330,351,331,352,326
1,333,350,333,347,329
1,335,337,335,335,331
1,338,329,338,328,334
1,340,327,341,328,337
1,343,332,343,334,339
1,345,344,347,345,342
1,349,347,350,346,345
1,352,336,352,334,347
1,354,327,355,326,350
1,357,323,357,323,352
1,359,326,359,326,355
1,361,335,362,337,357
1,364,343,364,344,360
1,366,341,367,338,362
1,369,329,369,327,365
1,371,321,372,320,367
1,374,319,374,320,370
1,376,323,376,325,372
1,378,335,379,337,375
1,381,340,381,340,377
1,383,333,384,330,380
1,386,322,386,320,382
1,389,316,390,316,385
1,392,316,392,317,387
1,394,322,394,325,390
1,397,334,397,335,392
1,399,336,399,335,395
1,401,325,402,323,397
1,404,316,404,315,400
1,406,312,407,311,402
1,409,314,409,315,405
1,411,323,412,326,407
1,414,332,414,332,410
1,416,330,416,328,413
1,419,315,420,314,415
1,422,309,422,309,418
1,424,309,425,310,420
1,427,320,428,322,424
1,430,329,430,330,426
1,433,327,434,325,429
1,436,315,436,313,432
1,439,306,439,306,435
1,441,306,442,307,437
1,444,312,444,315,440
1,446,324,447,325,443
1,449,325,450,323,445
1,452,313,452,311,448
1,454,305,455,304,450
1,457,303,458,303,453
1,460,308,460,310,456
1,462,320,463,322,458
1,465,324,465,323,461
1,467,314,468,312,463
1,470,304,470,303,466
1,472,299,472,299,468
1,475,300,476,301,471
1,478,308,478,311,473
1,480,319,481,320,476
1,483,319,483,317,478
1,485,307,486,305,481
1,488,299,488,298,483
1,490,296,490,296,486
1,492,299,493,300,488
1,495,309,495,312,491
1,497,317,498,317,493
1,500,313,500,310,496
1,502,301,503,299,498
1,505,294,505,294,501
1,508,294,508,295,504
1,510,300,510,303,506
1,512,312,513,313,509
1,515,314,515,313,512
1,519,300,519,298,514
1,521,293,522,292,517
1,524,290,524,290,519
1,527,297,528,300,523
1,530,309,530,310,525
1,532,311,532,310,528
1,534,301,535,299,530
1,537,292,537,291,533
1,539,288,540,288,535
1,542,290,542,291,538
1,544,299,545,302,540
1,547,308,547,309,543
1,549,307,550,304,545
1,552,295,552,293,548
1,554,287,554,287,550
1,556,285,557,285,553
1,560,289,560,290,555
1,562,300,563,302,558
1,565,306,565,306,560
1,567,300,568,298,563
1,570,289,570,288,565
1,572,283,572,283,568
1,574,283,575,284,570
1,577,289,577,291,573
1,579,301,580,302,575
1,582,304,582,303,578
1,584,294,585,291,580
1,587,284,587,283,583
1,589,280,590,280,585
1,591,282,592,283,588
1,594,290,594,293,590
1,596,300,597,301,593
1,599,299,599,297,595
1,601,287,603,285,598
1,605,280,605,279,600
1,607,277,608,277,603
1,610,281,610,282,605
1,612,292,612,294,608
1,615,299,615,299,610
1,617,294,617,291,613
1,619,282,620,281,615
1,622,276,622,275,618
1,624,275,624,275,620
1,627,281,627,283,622
1,629,292,629,294,625
1,631,296,632,295,627
1,634,288,634,285,630
1,636,278,637,276,632
1,639,273,639,272,635
1,641,274,641,275,637
1,643,282,645,284,640
1,647,293,647,293,642
1,649,293,650,291,645
1,652,282,652,279,647
1,654,274,655,272,650
1,657,270,657,270,652
1,659,273,660,274,655
1,661,283,662,286,657
1,664,291,664,292,660
1,666,288,667,286,662
1,669,276,669,275,665
1,671,270,672,269,667
1,674,268,674,269,670
1,676,273,677,275,672
1,679,285,679,287,675
1,681,290,681,289,677
1,684,281,684,278,680
1,686,271,686,270,682
1,689,266,690,266,685
1,692,267,692,268,687
1,694,275,695,278,690
1,697,286,697,287,692
1,699,287,700,285,695
1,702,275,702,273,697
1,704,267,704,266,700
1,706,264,707,264,702
1,709,267,709,268,705
1,711,277,712,280,707
1,714,285,714,285,710
1,716,281,717,279,712
1,719,269,719,268,715
1,721,263,722,263,717
1,724,262,724,263,720
1,726,267,727,269,722
1,729,280,729,281,725
1,732,284,732,283,727
1,734,275,735,272,730
1,737,265,737,264,732
1,739,260,740,260,735
1,742,261,742,262,737
1,744,269,745,272,740
1,747,280,747,280,742
1,749,280,749,279,745
1,751,269,752,266,747
1,754,261,754,260,750
1,756,258,757,258,752
1,759,261,759,262,755
1,761,272,762,274,758
1,764,279,764,280,760
1,766,275,767,272,763
1,769,263,769,262,765
1,771,257,771,257,767
1,774,256,775,257,770
1,777,261,777,263,773
1,779,273,780,275,775
1,782,278,782,277,778
1,784,269,785,267,780
1,787,259,787,258,783
1,789,254,790,254,785
1,791,256,792,257,788
1,794,264,794,266,790
1,796,275,797,275,793
1,799,275,799,273,795
1,801,263,802,261,798
1,804,255,804,254,800
1,806,252,807,253,803
1,809,256,809,257,805
1,811,266,812,269,808
1,814,274,814,274,810
1,817,270,817,267,813
1,819,258,820,256,815
1,822,252,822,251,818
1,824,251,825,252,820
1,827,257,827,259,823
1,829,269,830,271,825
1,832,273,832,272,828
1,834,263,835,261,830
1,836,254,837,252,833
1,839,249,839,249,835
1,841,251,842,252,838
1,844,259,844,262,840
1,846,270,847,270,843
1,849,269,849,267,845
1,851,258,852,256,848
1,854,250,854,249,850
1,856,247,857,248,853
1,860,251,860,252,855
1,862,262,862,265,858
1,864,269,865,269,860
1,867,264,867,261,863
1,869,252,870,251,865
1,872,247,872,246,868
1,874,246,875,247,870
1,877,252,877,254,873
1,879,264,880,266,875
1,882,267,882,267,878
1,884,258,884,256,880
1,886,248,887,247,883
1,889,244,889,244,885
1,891,246,892,247,888
1,894,255,894,257,890
1,896,265,897,265,893
1,899,264,899,262,895
1,902,252,903,250,898
1,905,245,905,244,900
1,907,242,907,243,903
1,909,246,910,248,905
1,912,258,912,260,908
1,914,264,915,265,910
1,917,259,917,256,913
1,919,248,920,246,915
1,922,242,922,241,918
1,924,242,925,242,920
1,926,248,927,250,923
1,929,260,929,261,925
1,931,263,932,262,928
1,934,253,934,250,930
1,936,244,937,243,933
1,939,240,939,240,935
1,941,242,942,243,938
1,945,251,945,253,940
1,947,261,948,261,943
1,950,260,950,257,945
1,952,248,952,246,948
1,954,241,955,240,950
1,957,239,957,239,953
1,959,243,960,244,955
1,962,254,962,256,958
1,964,260,965,261,960
1,967,255,967,252,963
1,969,244,970,242,965
1,971,238,972,238,968
1,974,238,974,239,970
1,976,244,977,247,973
1,979,256,979,258,975
1,981,259,982,258,978
1,984,249,984,247,980
1,987,240,988,239,983
1,990,236,990,236,985
1,992,238,992,239,988
1,994,247,995,250,990
1,997,257,997,257,993
1,999,255,1000,253,995
5,1004,237,1005,235,2
5,6,276,6,273,5
5,8,264,8,263,7
5,10,258,11,257,10
5,13,256,13,257,12
5,15,262,16,263,14
5,17,272,18,274,17
5,20,278,20,278,19
5,22,272,22,270,21
5,24,261,25,260,24
5,27,256,27,255,26
5,29,255,30,255,29
5,32,260,32,261,31
5,34,272,34,273,34
5,37,276,38,276,36
5,40,269,40,266,38
5,42,258,42,257,41
5,44,253,45,252,43
5,47,253,47,253,46
5,49,258,49,259,48
5,51,269,52,271,50
5,54,274,54,274,53
5,56,267,56,265,55
5,58,257,59,255,58
5,61,251,61,250,60
5,63,251,63,251,62
5,65,256,66,258,65
5,68,268,68,269,67
5,70,272,70,271,69
5,72,264,73,262,72
5,75,254,75,253,74
5,77,249,77,248,77
5,80,249,81,249,79
5,83,254,83,256,81
5,85,266,85,267,84
5,87,270,88,269,86
5,90,261,90,259,89
5,92,252,92,250,91
5,94,247,95,246,93
5,97,247,97,247,96
5,99,253,99,254,98
5,101,264,102,266,101
5,104,267,104,267,103
5,106,259,106,256,105
5,108,249,109,248,108
5,111,244,111,244,110
5,113,245,113,245,113
5,115,251,116,253,115
5,118,262,118,264,117
5,120,266,120,265,120
5,123,257,124,255,122
5,126,248,126,246,124
5,128,243,128,242,127
5,130,243,131,244,129
5,133,249,133,252,132
5,135,261,135,262,134
5,137,264,138,263,137
5,140,254,140,252,139
5,142,245,143,243,141
5,144,241,145,240,144
5,147,241,147,242,146
5,149,248,149,250,148
5,151,259,152,261,151
5,154,262,154,261,153
5,156,253,156,251,156
5,158,243,159,242,158
5,161,239,161,239,160
5,163,240,163,241,163
5,166,247,167,250,165
5,169,258,169,259,168
5,171,260,172,259,170
5,173,250,174,248,172
5,176,241,176,240,175
5,178,237,178,237,177
5,180,238,181,239,179
5,183,245,183,247,182
5,185,256,185,257,184
5,187,258,188,257,187
5,190,248,190,246,189
5,192,239,193,238,192
5,195,235,195,234,194
5,197,237,197,237,197
5,199,245,200,248,199
5,202,256,202,256,202
5,204,255,205,253,205
5,208,240,209,239,207
5,211,234,211,234,210
5,213,234,214,235,212
5,216,240,216,242,215
5,219,254,219,254,218
5,221,255,222,253,220
5,224,243,224,241,224
5,226,235,226,234,226
5,229,232,230,233,229
5,232,238,232,239,231
5,234,250,235,251,234
5,236,254,237,254,236
5,239,246,239,244,239
5,241,236,242,235,241
5,244,231,244,231,244
5,246,231,247,232,247
5,250,241,251,244,249
5,253,251,253,252,252
5,255,250,255,248,254
5,257,239,258,237,256
5,260,232,260,231,259
5,262,229,263,229,261
5,265,232,265,233,265
5,268,247,268,249,267
5,270,251,271,251,270
5,273,243,273,240,273
5,275,233,276,231,275
5,278,228,279,228,278
5,281,231,281,232,280
5,283,241,284,244,284
5,286,249,286,250,286
5,289,243,289,240,289
5,291,233,293,231,291
5,294,227,295,227,293
5,297,227,297,228,296
5,299,233,300,236,298
5,302,246,302,247,301
5,304,248,305,248,304
5,307,236,308,233,307
5,310,228,310,227,309
5,312,225,312,225,311
5,314,229,315,230,315
5,318,243,318,245,317
5,320,248,320,248,319
5,322,241,323,238,322
5,325,230,325,228,324
5,327,225,327,225,327
5,329,225,330,226,329
5,332,231,332,233,331
5,335,243,336,245,334
5,337,247,338,246,336
5,340,238,340,236,339
5,342,229,342,227,341
5,344,224,345,223,344
5,348,226,348,227,347
5,350,235,350,238,349
5,352,245,353,245,351
5,355,244,355,242,354
5,357,232,357,230,356
5,359,225,360,224,359
5,362,222,362,222,361
5,364,225,364,226,364
5,366,235,367,238,366
5,369,244,369,244,368
5,371,242,372,239,371
5,373,230,374,228,373
5,376,223,376,222,376
5,379,221,380,221,378
5,381,224,382,225,380
5,384,235,384,237,383
5,386,242,386,243,385
5,388,240,389,238,387
5,391,229,391,227,390
5,393,222,393,221,392
5,395,220,396,220,395
5,398,223,398,224,397
5,400,234,401,236,399
5,402,241,403,242,402
5,405,239,405,236,404
5,407,227,408,225,407
5,410,220,410,219,409
5,412,219,412,219,412
5,414,223,415,224,414
5,417,233,417,236,416
5,419,241,419,241,419
5,423,234,423,232,422
5,425,223,426,222,424
5,427,218,428,218,427
5,430,218,430,219,429
5,432,224,433,226,432
5,435,236,435,238,434
5,437,240,438,239,437
5,440,230,440,228,439
5,442,221,442,220,441
5,444,217,445,216,444
5,447,218,447,219,446
5,449,226,449,228,449
5,451,237,452,238,451
5,454,239,454,237,453
5,456,229,456,226,456
5,458,220,459,219,458
5,461,216,461,216,461
5,464,217,464,218,463
5,466,225,467,228,465
5,469,236,469,237,468
5,471,237,472,236,470
5,473,227,474,225,473
5,476,219,476,218,475
5,478,215,479,215,477
5,480,217,481,218,480
5,483,225,483,228,482
5,485,236,485,237,484
5,487,237,488,235,487
5,490,226,490,224,489
5,492,218,492,217,492
5,494,214,495,214,494
5,497,216,497,217,496
5,499,224,499,226,499
5,501,235,502,236,501
5,504,236,504,234,504
5,507,225,508,222,506
5,509,217,510,216,509
5,512,213,512,213,511
5,514,216,515,217,514
5,517,226,517,228,516
5,519,235,520,236,519
5,522,233,522,231,522
5,524,221,524,219,524
5,527,213,527,213,527
5,529,213,530,214,529
5,532,219,532,222,532
5,535,234,536,234,535
5,538,233,538,231,537
5,540,222,540,220,540
5,542,214,543,213,542
5,545,212,545,212,545
5,547,215,549,216,547
5,551,226,551,228,550
5,553,234,553,234,553
5,556,227,556,225,555
5,558,217,559,215,558
5,561,211,561,211,560
5,563,212,564,212,563
5,566,218,566,220,565
5,568,230,568,232,568
5,570,233,571,232,571
5,573,223,573,221,573
5,576,212,576,211,576
5,578,210,579,210,578
5,581,214,581,215,582
5,584,229,585,231,584
5,587,233,587,232,587
5,589,223,589,221,589
5,592,214,593,212,592
5,595,210,596,210,595
5,598,213,598,214,597
5,600,224,601,226,601
5,603,232,603,232,603
5,606,223,607,221,606
5,609,214,609,212,608
5,611,209,611,209,611
5,613,211,614,212,613
5,616,219,616,222,616
5,618,230,619,231,618
5,621,230,621,229,621
5,624,217,624,215,623
5,626,210,626,209,626
5,628,208,629,209,628
5,631,213,631,214,632
5,635,228,635,229,634
5,637,231,638,230,637
5,640,221,640,219,639
5,642,212,643,211,641
5,645,208,645,208,644
5,647,210,647,211,646
5,649,218,650,221,650
5,652,229,652,230,652
5,655,226,655,224,655
5,657,215,658,213,657
5,660,209,660,208,660
5,662,208,663,208,663
5,665,216,666,219,665
5,668,228,668,229,668
5,670,229,671,228,671
5,674,215,674,213,674
5,677,208,677,208,676
5,679,207,680,207,679
5,682,212,682,214,681
5,684,224,685,226,684
5,687,229,687,229,686
5,689,223,690,220,689
5,691,212,692,210,692
5,695,207,695,206,694
5,697,209,698,210,697
5,700,219,700,222,700
5,702,228,703,229,702
5,705,225,705,223,704
5,707,213,708,212,707
5,710,207,710,206,709
5,712,206,712,206,712
5,714,211,715,212,714
5,717,223,717,225,717
5,720,228,721,228,720
5,724,217,724,214,723
5,726,208,726,207,725
5,728,205,729,205,728
5,731,208,731,209,730
5,733,218,734,221,733
5,736,227,736,227,735
5,738,224,739,222,738
5,741,212,741,211,740
5,743,206,744,205,743
5,746,205,746,205,745
5,748,209,748,211,748
5,750,222,751,223,750
5,753,227,753,227,753
5,755,219,756,217,755
5,758,209,758,208,758
5,760,204,762,204,761
5,764,205,764,207,763
5,766,214,767,216,766
5,769,225,769,226,768
5,771,225,772,223,771
5,774,213,774,212,773
5,776,206,776,205,776
5,778,203,779,203,778
5,781,207,781,208,781
5,783,218,784,220,783
5,786,225,786,226,786
5,788,221,789,219,788
5,791,210,791,208,791
5,793,204,794,203,793
5,796,203,796,204,796
5,798,209,798,211,798
5,800,221,801,223,801
5,803,225,803,224,803
5,806,217,807,214,806
5,809,207,809,206,808
5,811,202,812,202,811
5,814,204,814,205,813
5,816,212,817,215,816
5,819,223,819,224,818
5,821,223,821,222,821
5,823,212,824,210,823
5,826,204,826,203,826
5,828,201,829,201,828
5,831,205,831,206,831
5,833,216,834,218,833
5,836,224,836,224,836
5,838,219,839,217,838
5,840,208,841,206,841
5,843,202,843,201,843
5,845,201,847,202,846
5,849,207,849,209,848
5,851,219,852,221,851
5,854,223,854,223,853
5,856,214,857,212,856
5,859,205,859,204,858
5,861,200,862,200,861
5,864,202,864,203,863
5,866,210,866,213,866
5,868,221,869,222,868
5,871,221,871,219,871
5,873,209,874,207,873
5,876,202,876,200,876
5,878,199,879,199,878
5,881,203,881,204,881
5,883,214,884,217,883
5,886,222,886,222,886
5,888,217,888,214,889
5,892,204,892,203,891
5,894,199,895,199,894
5,897,200,897,202,896
5,899,209,900,211,899
5,902,220,902,220,901
5,904,221,905,219,904
5,907,209,907,207,906
5,909,201,910,200,909
5,912,198,912,198,911
5,914,202,915,203,914
5,916,213,917,215,916
5,919,220,919,221,919
5,921,216,922,214,921
5,924,205,924,203,924
5,926,199,927,198,926
5,929,198,929,199,929
5,931,204,933,205,931
5,935,216,935,218,934
5,937,220,938,220,936
5,939,211,940,209,939
5,942,202,942,201,941
5,944,197,945,197,944
5,947,199,947,200,946
5,949,208,950,210,949
5,952,218,952,219,951
5,954,218,955,216,954
5,957,206,957,204,957
5,959,199,960,198,959
5,962,197,962,197,962
5,964,201,965,203,964
5,967,213,967,215,968
5,969,219,970,219,970
5,972,209,973,207,973
5,976,200,976,199,975
5,978,196,979,196,978
5,981,201,982,202,981
5,984,212,984,215,983
5,986,219,987,219,986
5,989,213,989,210,988
5,991,202,992,201,991
5,994,197,994,196,993
5,996,197,997,198,996
5,999,203,999,205,999
1,6,469,6,468,3
1,10,465,10,465,6
1,13,463,14,463,10
1,16,462,17,461,13
1,20,461,20,460,16
1,23,460,23,459,19
1,26,458,26,457,23
1,29,456,29,456,26
1,32,455,33,455,29
1,35,454,36,454,32
1,38,453,39,453,35
1,41,452,42,451,39
1,45,450,45,450,42
1,48,449,48,448,45
1,52,448,52,448,48
1,55,447,56,447,51
1,58,446,59,446,54
1,61,444,61,445,57
1,64,444,64,443,60
1,66,443,67,442,63
1,69,442,69,442,65
1,71,442,72,441,68
1,74,441,74,440,71
1,77,439,77,439,73
1,79,438,80,438,76
1,82,437,82,437,79
1,85,437,85,437,81
1,87,436,88,436,84
1,90,435,90,435,87
1,94,434,94,434,90
1,96,433,97,432,92
1,99,432,99,431,95
1,102,431,102,431,98
1,104,431,105,431,101
1,107,430,108,430,104
1,110,429,110,429,106
1,113,428,113,428,109
1,115,427,116,427,112
1,118,427,118,427,115
1,121,426,121,426,117
1,123,425,124,425,120
1,126,424,126,424,123
1,129,423,129,423,126
1,131,422,132,422,128
1,134,422,135,422,131
1,138,421,138,421,134
1,140,421,141,420,137
1,143,419,144,419,139
1,146,418,146,418,142
1,148,417,149,417,145
1,151,417,152,417,148
1,154,416,154,416,150
1,157,416,157,416,153
1,160,415,160,414,156
1,162,413,163,413,159
1,165,413,166,413,162
1,168,412,168,412,164
1,170,412,171,412,167
1,173,411,174,411,170
1,176,410,176,410,173
1,180,409,180,409,176
1,182,408,183,408,178
1,185,408,185,408,181
1,188,407,188,407,184
1,191,406,191,406,187
1,193,405,194,405,190
1,196,404,197,404,193
1,199,403,199,403,195
1,201,403,202,403,198
1,204,403,205,403,201
1,207,402,207,402,204
1,209,401,210,401,206
1,212,400,213,400,209
1,215,399,215,399,212
1,218,399,218,399,215
1,220,399,222,398,217
1,224,398,224,398,220
1,227,397,227,396,223
1,229,396,230,396,226
1,232,395,232,395,228
1,235,395,235,395,231
1,237,394,238,394,234
1,240,394,241,393,237
1,243,393,243,392,239
1,246,392,246,391,242
1,248,391,249,391,245
1,251,391,251,391,248
1,254,390,254,390,250
1,256,390,257,389,253
1,259,389,259,389,256
1,262,388,262,388,259
1,265,387,266,387,261
1,268,387,269,387,264
1,271,387,271,386,267
1,273,386,274,386,270
1,276,385,277,385,273
1,279,384,279,384,275
1,282,383,282,383,278
1,284,383,285,383,281
1,287,383,288,383,284
1,290,382,290,382,287
1,293,381,293,381,289
1,295,380,296,380,292
1,298,379,298,379,295
1,301,379,301,379,298
1,303,379,304,379,300
1,307,378,308,378,303
1,310,377,310,377,306
1,313,376,313,376,309
1,315,375,316,375,312
1,318,375,318,375,314
1,321,375,321,375,317
1,323,374,324,374,320
1,326,373,327,373,323
1,329,372,329,372,326
1,332,372,332,371,328
1,334,371,335,371,331
1,337,371,338,371,334
1,340,370,340,370,337
1,343,369,343,369,340
1,345,368,346,368,342
1,348,368,350,368,345
1,352,368,352,368,348
1,355,367,355,367,351
1,357,367,358,366,354
1,360,366,360,365,356
1,363,365,363,365,359
1,365,364,366,364,363
1,369,364,369,364,365
1,371,364,372,363,368
1,374,363,375,363,371
1,377,362,377,362,374
1,379,361,380,361,376
1,382,361,383,361,379
1,385,361,385,361,382
1,388,360,388,360,385
1,390,360,391,359,387
1,394,359,394,359,390
1,396,358,397,358,393
1,399,357,399,357,395
1,402,357,402,357,398
1,404,357,405,357,401
1,407,356,407,356,404
1,410,355,410,355,406
1,412,354,413,354,409
1,415,354,416,353,412
1,418,354,418,354,415
1,421,354,421,354,417
1,423,353,424,353,420
1,426,352,426,352,423
1,429,351,429,351,426
1,431,351,432,350,428
1,435,350,436,350,431
1,438,350,438,350,434
1,441,349,441,349,437
1,443,348,444,348,440
1,446,347,447,347,443
1,449,347,449,347,445
1,451,347,452,347,448
1,454,347,455,346,451
1,457,346,458,346,454
1,460,345,460,345,457
1,463,344,463,344,459
1,465,344,466,344,462
1,468,344,468,344,465
1,470,344,471,344,468
1,473,343,474,343,470
1,476,342,476,342,473
1,479,341,480,341,476
1,482,341,482,341,478
1,485,341,485,341,481
1,487,341,488,340,484
1,490,340,491,340,487
1,493,339,493,339,489
1,496,338,496,338,492
1,498,338,499,338,495
1,501,338,501,338,498
1,504,338,504,338,501
1,507,337,508,337,504
1,510,336,510,336,507
1,513,335,513,335,510
1,515,335,516,335,512
1,518,335,518,335,515
1,522,335,522,334,518
1,524,334,525,334,520
1,527,333,527,333,523
1,530,332,530,332,526
1,532,332,533,332,529
1,535,332,535,332,531
1,537,332,538,332,534
1,540,331,540,331,537
1,543,330,543,330,539
1,545,330,546,329,542
1,548,329,548,329,545
1,551,329,551,329,548
1,553,329,554,329,550
1,556,328,556,328,553
1,559,328,559,328,556
1,561,327,563,327,559
1,565,326,566,326,561
1,568,326,568,326,564
1,570,326,571,326,567
1,573,326,574,325,569
1,576,325,576,324,572
1,578,324,579,324,575
1,581,323,581,323,578
1,583,323,584,323,580
1,586,323,587,323,583
1,589,323,589,322,586
1,592,322,592,322,588
1,594,321,595,321,591
1,597,320,598,320,594
1,600,320,600,320,597
1,603,320,603,320,600
1,606,320,607,320,603
1,609,319,610,319,606
1,612,318,612,318,609
1,615,318,616,317,612
1,618,318,618,318,614
1,621,318,621,318,617
1,623,317,624,317,620
1,626,316,627,316,623
1,629,316,629,316,626
1,632,315,632,315,628
1,634,315,635,315,631
1,637,315,637,315,634
1,639,315,640,315,637
1,642,314,643,314,639
1,645,313,645,313,642
1,649,313,649,312,645
1,651,313,652,313,648
1,654,313,654,313,650
1,657,312,657,312,653
1,659,312,660,311,656
1,662,311,662,311,658
1,665,310,665,310,661
1,667,310,668,310,664
1,670,310,670,310,667
1,673,310,673,310,670
1,676,309,676,309,673
1,678,308,679,308,675
1,681,308,682,308,678
1,684,308,684,308,681
1,687,308,687,308,684
1,689,308,691,307,687
1,693,307,693,306,689
1,696,306,696,306,692
1,698,306,699,306,695
1,701,306,702,306,698
1,704,306,705,306,701
1,707,305,708,305,704
1,710,304,710,304,707
1,713,304,713,304,710
1,715,303,716,303,712
1,718,303,719,303,715
1,721,303,722,303,718
1,724,303,724,302,721
1,726,302,727,302,724
1,729,301,730,301,726
1,732,301,732,301,729
1,736,301,736,301,732
1,738,301,739,301,735
1,741,300,742,300,738
1,744,299,744,299,741
1,747,299,747,299,743
1,749,298,750,298,746
1,752,299,753,299,749
1,755,298,755,298,752
1,757,298,758,298,754
1,760,297,761,297,757
1,764,296,764,296,761
1,766,296,767,296,763
1,769,296,769,296,766
1,772,296,772,296,769
1,774,295,775,295,772
1,778,294,779,295,774
1,781,294,781,294,777
1,783,294,784,293,780
1,786,294,787,294,783
1,789,294,789,293,785
1,791,293,792,293,788
1,794,292,795,292,791
1,797,292,797,292,794
1,799,291,800,291,796
1,802,292,803,292,799
1,805,291,805,291,802
1,808,291,808,291,805
1,810,290,811,290,808
1,813,289,814,290,810
1,816,289,816,289,813
1,820,289,820,289,816
1,822,289,823,289,819
1,825,288,826,288,822
1,828,287,828,288,825
1,831,287,831,287,827
1,833,287,834,287,830
1,836,287,837,287,833
1,839,287,839,287,836
1,842,286,842,286,838
1,844,286,845,286,841
1,847,285,848,285,844
1,850,285,850,285,847
1,853,285,853,285,850
1,855,285,856,285,852
1,858,284,858,284,855
1,862,283,862,283,858
1,864,283,865,283,861
1,867,283,867,283,863
1,870,283,870,283,866
1,873,283,874,283,870
1,876,282,876,282,872
1,878,281,879,281,875
1,881,281,882,281,878
1,884,281,884,281,881
1,887,281,887,281,883
1,889,281,890,281,886
1,892,280,892,280,889
1,895,279,895,279,892
1,897,279,898,279,894
1,900,279,901,279,897
1,902,279,903,279,900
1,906,279,907,279,903
1,909,278,909,278,905
1,911,277,912,277,908
1,914,277,914,277,911
1,917,277,917,277,913
1,919,277,920,277,916
1,922,277,922,277,919
1,925,276,925,276,922
1,927,275,928,275,924
1,930,275,931,275,927
1,933,275,933,275,930
1,936,275,936,275,933
1,938,275,939,275,936
1,941,274,942,274,938
1,944,273,944,273,941
1,948,273,948,272,944
1,950,273,951,273,947
1,953,273,954,273,950
1,956,273,956,273,953
1,959,272,959,272,955
1,961,271,962,271,958
1,964,271,965,271,961
1,967,271,967,271,964
1,970,271,970,271,967
1,972,271,973,271,969
1,975,270,976,270,972
1,978,270,978,269,975
1,981,269,981,269,978
1,983,269,984,269,981
1,986,269,986,269,983
1,990,269,990,269,986
1,992,268,993,268,989
1,995,267,996,267,992
1,998,267,998,266,994
1,1000,267,1001,267,997
15,5,453,6,451,1
15,8,449,8,448,4
15,10,446,10,446,7
15,12,444,13,444,9
15,15,443,15,442,11
15,18,441,19,441,14
15,21,440,21,439,16
15,23,438,24,437,19
15,26,436,26,436,21
15,28,435,28,434,24
15,31,433,31,433,26
15,33,432,33,432,29
15,35,431,36,431,31
15,38,430,38,429,34
15,40,428,41,428,36
15,43,427,43,426,39
15,45,425,46,425,41
15,48,424,48,424,44
15,50,423,50,423,46
15,52,422,53,422,49
15,55,421,55,420,51
15,57,419,58,419,54
15,61,418,61,418,56
15,63,417,64,417,59
15,66,416,66,416,61
15,68,415,68,415,64
15,70,414,71,414,66
15,73,413,73,412,69
15,75,412,76,411,71
15,78,411,78,410,74
15,81,410,81,409,77
15,83,409,84,408,79
15,86,408,86,407,82
15,88,407,88,406,84
15,90,405,91,405,87
15,93,404,93,404,89
15,95,403,96,403,92
15,98,402,98,402,94
15,100,401,101,401,97
15,104,400,104,400,99
15,106,399,106,399,102
15,108,398,109,398,104
15,111,397,111,397,107
15,113,396,114,396,109
15,116,396,116,396,112
15,118,395,118,395,114
15,120,394,121,394,116
15,123,393,123,393,119
15,125,392,126,392,121
15,128,391,128,391,124
15,130,390,130,390,126
15,132,390,133,389,129
15,135,389,135,389,131
15,137,388,138,388,134
15,140,387,140,387,136
15,142,386,143,386,139
15,146,385,146,385,141
15,148,385,148,385,144
15,150,384,151,384,146
15,153,383,153,383,149
15,155,382,156,382,151
15,158,381,158,381,154
15,160,380,161,380,156
15,163,379,163,380,159
15,165,379,165,379,161
15,167,378,168,378,164
15,170,377,171,377,167
15,173,376,174,376,170
15,176,375,176,375,173
15,179,374,179,374,175
15,181,374,181,373,178
15,184,373,184,373,180
15,186,372,187,372,183
15,190,371,190,371,186
15,192,370,193,370,188
15,195,369,195,369,191
15,197,369,198,369,194
15,200,368,201,368,196
15,203,368,203,368,199
15,205,367,206,367,201
15,207,366,208,366,204
15,210,365,210,365,206
15,212,365,213,365,209
15,215,364,215,364,211
15,218,363,218,363,214
15,220,363,221,362,217
15,223,362,223,361,219
15,225,361,226,361,222
15,228,360,229,360,225
15,232,360,232,360,228
15,234,359,235,359,230
15,237,359,237,358,232
15,239,358,239,358,235
15,241,357,242,357,237
15,244,356,244,356,240
15,246,356,247,355,243
15,249,355,250,355,246
15,252,354,252,354,248
15,254,354,255,353,251
15,257,353,257,352,254
15,260,352,260,352,256
15,262,351,263,352,259
15,265,351,265,351,261
15,267,351,267,350,264
15,269,350,270,350,266
15,272,349,272,349,268
15,275,348,276,348,271
15,278,347,279,347,274
15,281,347,281,347,277
15,283,346,284,346,279
15,286,346,286,346,283
15,289,345,289,345,285
15,291,344,292,344,288
15,294,343,294,343,290
15,296,343,297,343,293
15,299,342,300,342,296
15,302,342,302,342,298
15,304,341,305,341,301
15,307,340,308,340,304
15,310,339,310,339,307
15,312,339,313,339,309
15,315,339,315,339,312
15,319,338,319,338,315
15,321,337,322,337,317
15,324,336,324,336,320
15,326,336,327,335,323
15,329,335,330,335,326
15,332,335,332,335,328
15,334,334,335,335,330
15,336,334,337,334,333
15,339,333,339,333,335
15,341,332,342,332,338
15,344,332,344,331,340
15,347,331,347,331,343
15,349,331,350,331,346
15,352,330,352,330,348
15,354,329,355,329,351
15,356,329,357,329,353
15,360,328,360,328,356
15,362,328,363,328,358
15,365,327,365,327,361
15,368,327,368,327,364
15,370,326,371,326,366
15,372,325,373,325,369
15,375,325,375,324,371
15,377,324,378,324,374
15,380,324,380,324,376
15,382,323,383,323,379
15,385,323,385,323,382
15,388,322,388,322,384
15,390,321,390,321,387
15,393,321,393,320,389
15,395,320,395,320,392
15,398,320,398,320,395
15,400,320,402,319,397
15,404,319,404,319,400
15,407,318,408,318,403
15,410,317,410,317,406
15,412,317,413,317,409
15,415,317,415,317,412
15,418,316,418,316,414
15,420,316,421,316,417
15,423,315,423,315,419
15,425,314,426,314,422
15,428,314,429,314,425
15,431,313,431,313,427
15,433,313,433,313,430
15,436,312,437,312,433
15,439,312,439,311,436
15,441,311,442,311,438
15,445,310,445,310,440
15,447,310,447,310,443
15,449,310,450,310,445
15,452,309,452,309,448
15,454,309,455,309,451
15,457,308,458,308,454
15,460,307,460,307,456
15,462,307,463,307,459
15,465,307,465,307,462
15,468,307,468,307,464
15,470,306,471,306,467
15,473,305,473,305,469
15,476,305,476,304,473
15,478,304,479,304,475
15,481,304,481,304,478
15,483,304,484,304,481
15,487,303,488,303,483
15,490,302,490,302,486
15,492,302,493,302,488
15,496,301,496,301,492
15,498,301,498,301,494
15,500,301,501,300,497
15,503,300,503,300,500
15,506,299,507,299,503
15,509,299,509,299,506
15,512,298,512,298,509
15,514,298,515,298,511
15,517,298,517,298,514
15,520,297,520,297,517
15,522,297,523,296,519
15,525,296,525,296,522
15,528,296,528,295,525
15,531,295,532,295,528
15,534,295,535,295,531
15,537,295,538,294,534
15,540,294,540,294,536
15,542,293,543,293,539
15,545,293,546,292,542
15,548,293,548,292,544
15,550,292,551,292,547
15,553,292,553,292,549
15,555,291,555,291,552
15,557,291,558,290,554
15,560,290,560,290,557
15,562,290,563,290,559
15,565,290,565,290,562
15,567,290,568,290,564
15,570,289,570,289,567
15,573,288,574,288,569
15,575,288,576,288,572
15,578,287,578,287,574
15,580,287,581,287,577
15,583,287,583,287,579
15,585,287,586,287,582
15,588,286,588,286,584
15,590,285,591,285,587
15,593,285,593,285,589
15,595,285,595,284,592
15,597,284,598,284,594
15,600,284,600,284,597
15,602,283,603,283,599
15,605,283,605,283,602
15,607,282,608,282,604
15,610,282,610,282,607
15,612,282,613,282,609
15,616,282,616,281,612
15,618,281,618,281,614
15,620,281,621,281,617
15,623,280,623,280,619
15,625,280,626,279,621
15,627,279,628,279,624
15,630,279,630,279,626
15,632,279,633,279,629
15,635,279,635,278,631
15,637,278,637,278,634
15,639,277,640,277,636
15,642,277,642,276,639
15,644,276,645,276,641
15,647,276,647,276,644
15,649,276,650,276,646
15,652,275,652,275,649
15,654,275,655,275,651
15,658,274,658,274,654
15,660,274,661,274,656
15,662,274,663,274,659
15,665,274,666,274,662
15,668,274,668,274,664
15,670,273,671,273,667
15,672,273,673,272,670
15,676,272,676,272,672
15,678,272,679,272,675
15,681,272,681,272,677
15,684,272,684,272,681
15,686,271,687,271,683
15,689,271,689,271,686
15,691,270,692,270,689
15,694,270,695,270,691
15,697,270,697,270,694
15,701,270,701,270,697
15,703,269,703,269,699
15,705,269,706,269,702
15,708,268,708,268,704
15,710,268,711,268,707
15,713,268,713,268,709
15,715,267,716,268,712
15,718,267,718,267,714
15,720,267,721,267,717
15,723,266,724,266,720
15,726,266,726,266,722
15,728,265,728,265,725
15,730,265,731,265,727
15,734,265,734,265,731
15,736,265,737,265,733
15,739,264,739,264,736
15,741,264,743,264,739
15,745,264,746,263,742
15,748,263,748,263,744
15,750,263,751,263,747
15,753,263,754,263,750
15,756,262,756,262,752
15,758,262,759,262,755
15,761,261,761,261,757
15,764,261,764,261,761
15,766,261,767,261,763
15,769,261,769,261,766
15,771,260,772,260,769
15,774,260,775,260,771
15,777,259,777,260,774
15,779,259,780,259,776
15,783,259,783,259,780
15,786,259,786,259,782
15,788,258,789,258,785
15,791,258,791,258,787
15,794,257,794,257,790
15,796,257,797,257,793
15,799,257,799,257,795
15,801,257,802,257,798
15,804,256,804,256,800
15,806,256,807,256,803
15,809,255,809,255,805
15,811,255,812,255,808
15,814,255,814,255,811
15,816,255,817,255,813
15,819,255,819,254,816
15,822,254,823,254,819
15,824,254,825,254,822
15,827,253,827,253,824
15,830,253,831,253,827
15,833,253,833,253,829
15,835,253,836,253,832
15,838,252,838,252,834
15,840,252,841,252,837
15,843,251,843,251,839
15,845,251,846,251,842
15,848,251,848,251,844
15,850,251,850,251,847
15,853,251,853,250,849
15,855,250,855,250,852
15,857,250,858,250,854
15,860,249,860,249,857
15,863,249,863,249,860
15,865,249,865,249,862
15,867,249,868,249,865
15,871,249,871,248,867
15,873,248,874,248,870
15,876,248,876,247,872
15,878,247,879,247,875
15,881,247,881,247,877
15,883,247,884,247,880
15,886,247,886,247,882
15,888,246,888,247,885
15,890,246,891,246,887
15,893,246,893,245,890
15,895,245,896,245,892
15,898,245,898,245,895
15,900,245,901,245,898
15,903,245,904,244,901
15,906,244,906,244,903
15,908,244,909,244,906
15,912,244,912,244,909
15,915,244,915,244,911
15,917,244,918,244,914
15,920,244,920,243,917
15,923,243,924,243,920
15,926,243,926,242,922
15,928,242,928,242,925
15,931,242,931,242,928
15,933,242,934,242,930
15,936,242,936,242,933
15,939,241,939,241,935
15,941,241,941,241,938
15,943,241,944,240,940
15,946,240,946,240,943
15,948,240,949,240,945
15,951,240,951,240,948
15,953,240,954,240,951
15,957,239,957,240,953
15,959,239,960,239,956
15,962,239,963,239,959
15,965,239,965,239,961
15,967,239,968,239,964
15,970,239,970,238,966
15,972,238,973,238,969
15,975,237,975,237,971
15,977,237,977,237,974
15,980,237,980,237,976
15,982,237,982,237,979
15,984,237,985,237,982
15,987,236,987,236,984
15,989,236,990,236,987
15,992,236,992,235,989
15,994,235,995,235,992
15,997,235,997,235,994
16,6,260,6,259,2
16,8,259,9,259,4
16,11,259,11,258,7
16,13,259,14,258,9
16,16,258,16,258,12
16,18,258,18,258,14
16,20,257,21,257,17
16,23,257,23,257,19
16,25,257,26,257,22
16,28,256,28,256,24
16,30,256,31,256,27
16,33,256,33,256,29
16,35,256,35,255,31
16,37,255,38,255,34
16,40,255,40,254,37
16,42,254,43,254,39
16,45,254,45,254,42
16,48,254,49,254,45
16,51,253,52,253,47
16,54,253,54,253,50
16,56,253,57,253,52
16,59,253,59,252,55
16,61,252,61,252,57
16,63,252,64,252,60
16,66,252,66,251,62
16,68,251,69,251,65
16,71,251,71,251,67
16,73,251,73,250,69
16,75,250,76,250,72
16,78,250,78,250,74
16,80,250,81,249,77
16,83,249,83,249,79
16,85,249,86,249,82
16,88,249,88,248,85
16,91,248,92,248,87
16,93,248,94,247,89
16,96,248,96,247,92
16,98,247,99,247,95
16,101,247,102,247,97
16,104,247,104,247,100
16,106,246,107,246,102
16,108,246,109,246,105
16,111,246,111,246,107
16,113,245,114,245,110
16,115,245,116,245,112
16,118,245,118,245,114
16,120,244,121,244,117
16,123,244,123,244,119
16,125,244,125,243,122
16,127,243,128,243,124
16,130,243,130,243,126
16,133,243,133,243,129
16,135,242,136,242,131
16,138,242,138,242,134
16,140,242,140,242,136
16,142,242,143,241,138
16,145,241,145,241,141
16,147,241,147,241,143
16,149,241,150,241,146
16,152,241,152,240,148
16,154,240,154,240,150
16,156,240,157,240,153
16,159,239,159,240,155
16,161,239,162,239,158
16,163,239,164,239,160
16,166,239,166,239,163
16,169,239,169,239,166
16,171,238,172,238,168
16,174,238,174,238,170
16,177,238,177,238,173
16,179,237,180,237,175
16,182,237,182,237,178
16,184,237,185,236,180
16,187,236,187,236,183
16,189,236,190,236,185
16,192,236,192,236,188
16,194,236,195,235,190
16,196,235,197,235,193
16,199,235,200,235,196
16,202,235,203,235,199
16,205,234,205,235,202
16,207,234,208,234,204
16,210,234,210,233,207
16,212,234,213,233,209
16,215,234,215,233,212
16,219,233,219,233,215
16,221,233,222,233,217
16,224,233,224,232,220
16,226,232,227,232,223
16,230,232,230,232,226
16,232,232,232,232,228
16,234,232,235,232,231
16,237,232,237,232,233
16,239,231,240,231,236
16,242,231,242,231,238
16,244,231,245,231,241
16,247,231,247,230,243
16,249,230,250,230,246
16,252,230,252,230,248
16,254,230,254,230,251
16,256,230,257,229,253
16,259,229,259,229,256
16,262,229,263,229,258
16,265,229,265,228,261
16,267,228,268,228,263
16,270,228,270,228,266
16,272,228,273,228,268
16,274,228,275,228,271
16,277,227,278,227,273
16,280,227,280,227,276
16,282,227,282,227,278
16,284,227,285,226,281
16,288,226,288,226,284
16,290,226,291,226,287
16,293,226,293,226,290
16,296,226,296,226,293
16,298,226,299,225,295
16,301,225,301,225,298
16,305,225,305,225,301
16,307,225,307,225,303
16,309,225,310,224,306
16,312,224,312,224,308
16,314,224,315,224,311
16,317,224,317,224,313
16,319,224,320,224,316
16,322,223,322,223,318
16,324,223,325,223,321
16,327,223,327,223,323
16,329,223,329,223,326
16,331,223,332,222,328
16,334,222,334,222,331
16,336,222,337,222,333
16,339,222,339,222,336
16,341,222,342,221,338
16,344,221,344,221,341
16,347,221,347,221,343
16,349,221,350,221,346
16,352,221,352,221,348
16,354,221,355,220,351
16,357,220,357,220,353
16,359,220,360,220,355
16,362,220,362,220,358
16,364,220,364,219,360
16,366,219,367,219,363
16,369,219,369,219,366
16,371,219,372,219,368
16,374,219,374,219,370
16,376,218,377,219,373
16,379,218,379,218,375
16,381,218,381,218,378
16,383,218,384,218,380
16,386,218,386,218,383
16,389,218,390,218,385
16,391,217,392,217,388
16,394,217,394,217,390
16,396,217,397,217,392
16,399,217,399,216,395
16,401,216,401,216,397
16,403,216,404,216,400
16,406,216,406,216,402
16,408,216,409,216,405
16,410,216,411,215,407
16,413,215,413,215,410
16,415,215,416,215,412
16,418,215,418,215,414
16,420,215,420,215,417
16,422,215,423,215,419
16,425,215,425,215,422
16,427,215,428,215,424
16,430,214,430,214,427
16,433,214,433,214,429
16,435,214,436,214,431
16,438,214,438,214,434
16,440,214,440,214,436
16,442,213,443,213,439
16,445,213,445,213,441
16,447,213,448,213,444
16,449,213,450,213,446
16,452,213,452,213,448
16,454,213,455,212,451
16,457,212,457,212,453
16,459,212,459,212,456
16,461,212,462,212,458
16,464,212,464,212,461
16,466,211,467,212,463
16,468,211,469,211,466
16,471,211,471,211,468
16,474,211,475,211,470
16,477,211,477,210,473
16,479,211,480,211,475
16,481,211,482,210,478
16,484,210,484,210,480
16,486,210,487,210,483
16,489,210,489,210,485
16,491,210,491,210,488
16,493,210,494,209,490
16,496,209,496,209,492
16,498,209,499,209,495
16,500,209,501,209,497
16,503,209,503,209,500
16,505,209,506,209,502
16,508,209,508,208,505
16,510,208,510,209,507
16,512,208,513,208,509
16,515,208,515,208,512
16,518,208,519,208,514
16,520,208,521,208,517
16,523,208,523,208,519
16,525,207,526,207,522
16,528,207,528,207,524
16,530,207,530,207,527
16,532,207,533,207,529
16,535,207,535,207,531
16,537,207,538,206,534
16,540,206,540,207,536
16,542,206,542,206,539
16,544,206,545,206,541
16,547,206,547,206,544
16,549,206,550,206,546
16,551,206,552,205,549
16,554,205,554,205,551
16,556,205,557,205,553
16,560,205,560,205,556
16,562,205,562,205,558
16,564,205,565,204,561
16,567,205,567,205,563
16,569,204,570,204,566
16,571,204,572,204,568
16,574,204,574,204,570
16,576,204,577,204,573
16,579,204,579,204,575
16,581,204,582,204,578
16,583,204,584,204,580
16,586,204,586,203,583
16,588,203,589,203,585
16,591,203,591,203,588
16,593,203,593,203,590
16,595,203,596,202,592
16,598,203,598,202,595
16,600,203,602,203,597
16,604,202,604,202,600
16,606,202,606,202,602
16,608,202,609,202,605
16,611,202,611,202,607
16,613,202,614,202,610
16,615,202,616,202,612
16,618,202,618,202,614
16,620,202,621,202,617
16,623,202,623,202,619
16,625,202,626,202,622
16,627,201,628,201,624
16,630,201,630,201,627
16,632,201,633,201,629
16,635,201,635,201,632
16,637,201,637,201,634
16,639,201,640,201,636
16,642,201,642,200,639
16,645,201,646,200,641
16,647,200,648,200,644
16,650,200,650,200,646
16,652,200,653,200,649
16,655,200,655,200,651
16,657,200,657,200,654
16,659,200,660,200,656
16,662,200,662,199,658
16,664,199,665,199,661
16,667,199,667,199,663
16,669,199,669,199,666
16,671,199,672,199,668
16,674,199,674,199,671
16,676,199,677,198,673
16,679,198,679,199,676
16,681,198,681,199,678
16,683,198,684,198,681
16,686,198,686,198,683
16,689,198,690,198,686
16,692,198,692,198,688
16,694,198,694,198,690
16,696,198,697,198,693
16,699,198,699,198,695
16,701,198,702,198,698
16,703,198,704,198,700
16,706,198,706,198,703
16,708,198,709,198,705
16,711,197,711,197,708
16,713,197,714,197,710
16,715,197,716,197,712
16,718,197,718,197,715
16,720,197,721,197,717
16,723,197,724,197,721
16,726,197,726,197,723
16,728,197,730,196,726
16,732,196,732,196,728
16,734,196,735,196,731
16,736,196,737,196,733
16,739,196,739,196,735
16,741,196,742,196,738
16,744,196,744,196,740
16,746,196,747,196,743
16,748,196,749,196,745
16,751,196,751,196,748
16,753,195,754,196,750
16,756,195,756,195,753
16,758,195,758,195,755
16,760,195,761,195,757
16,763,195,763,195,760
16,765,195,766,195,762
16,768,195,768,194,765
16,770,195,770,195,767
16,773,195,774,194,770
16,776,194,776,194,772
16,778,194,779,194,775
16,781,194,781,194,777
16,783,194,783,194,780
16,785,194,786,194,782
16,788,194,788,194,784
16,790,194,791,193,787
16,792,193,793,193,789
16,795,193,795,193,792
16,797,193,798,193,794
16,800,193,800,193,797
16,802,193,802,193,799
16,804,193,805,193,801
16,807,193,807,193,804
16,809,193,810,193,806
16,811,193,812,193,809
16,814,193,814,192,811
16,817,193,818,192,814
16,820,193,820,192,816
16,822,193,822,193,819
16,824,192,825,192,821
16,827,192,827,192,823
16,829,192,830,192,826
16,831,192,832,192,828
16,834,192,834,192,831
16,836,192,837,192,833
16,839,191,839,191,836
16,841,191,841,191,838
16,843,191,844,191,840
16,846,191,846,191,843
16,848,191,849,191,845
16,850,191,851,191,848
16,853,191,853,191,850
16,855,191,856,190,853
16,859,190,859,190,855
16,861,190,861,190,858
16,863,190,864,190,860
16,866,190,866,190,862
16,868,190,869,190,865
16,871,190,871,190,868
16,874,190,874,190,870
16,876,190,876,190,873
16,878,190,879,190,875
16,881,190,881,190,878
16,883,190,884,190,880
16,886,190,886,190,883
16,888,190,888,190,885
16,890,190,891,190,888
16,893,190,893,190,890
16,895,190,896,190,893
16,898,190,898,190,895
16,901,190,901,190,897
16,903,190,904,190,900
16,906,190,906,190,902
16,908,190,909,190,905
16,911,190,911,190,907
16,913,190,913,189,910
16,915,190,916,190,912
16,918,190,918,189,915
16,920,189,921,189,917
16,922,189,923,189,920
16,925,189,925,189,922
16,927,189,928,189,924
16,930,189,930,189,927
16,932,189,933,189,929
16,934,189,935,189,932
16,937,189,937,189,934
16,939,189,940,189,937
16,942,189,942,189,939
16,945,189,946,189,942
16,947,189,948,189,944
16,950,189,950,189,947
16,952,189,953,189,949
16,955,189,955,189,952
16,957,189,958,189,954
16,960,189,960,189,956
16,962,189,962,189,959
16,964,189,965,189,961
16,967,189,967,188,964
16,969,189,970,189,966
16,972,189,972,189,969
16,974,189,975,188,972
16,977,189,977,188,974
16,979,188,980,189,976
16,981,188,982,188,979
16,984,188,984,188,981
16,987,188,988,188,984
16,990,188,990,188,986
16,992,188,992,188,989
16,994,188,995,188,991
16,997,188,997,188,994
16,999,188,1000,188,996
1,3,172,1003,172,2
1,1005,172,1006,172,5
1,7,241,8,241,7
1,10,241,10,240,10
1,12,240,13,240,12
1,15,240,15,239,15
1,17,239,18,239,17
1,20,239,20,239,20
1,22,239,22,238,22
1,24,239,25,238,24
1,27,238,27,238,27
1,29,238,29,238,29
1,31,237,32,237,32
1,34,237,34,237,34
1,36,237,36,237,36
1,38,237,39,237,39
1,41,237,41,236,41
1,43,236,43,236,43
1,46,236,47,236,46
1,49,235,49,235,49
1,51,235,52,235,52
1,54,234,54,235,55
1,57,235,57,235,57
1,59,234,60,234,60
1,62,234,63,234,63
1,65,234,65,233,66
1,67,233,68,233,69
1,70,233,70,232,71
1,73,233,73,232,74
1,76,232,76,232,76
1,78,232,79,231,79
1,81,231,81,231,81
1,83,231,84,230,84
1,85,231,86,230,87
1,89,230,89,230,89
1,92,230,92,230,91
1,94,230,94,229,94
1,96,229,97,229,96
1,99,229,99,228,99
1,101,228,102,228,101
1,103,228,104,228,103
1,106,228,106,228,106
1,108,228,109,228,108
1,110,227,111,227,111
1,113,227,113,227,113
1,115,227,116,227,116
1,118,226,118,226,118
1,120,226,121,226,120
1,122,226,123,226,123
1,125,226,125,226,125
1,127,225,127,225,128
1,129,225,130,225,130
1,133,224,133,224,133
1,135,224,136,224,135
1,137,224,138,224,138
1,140,224,140,224,140
1,142,224,143,224,143
1,145,223,145,223,145
1,147,223,148,223,148
1,150,223,150,223,151
1,152,223,153,222,154
1,155,222,156,222,157
1,158,222,158,222,159
1,161,222,161,222,162
1,163,221,164,221,164
1,166,221,167,221,167
1,169,221,169,220,169
1,171,221,171,221,172
1,174,221,175,220,174
1,177,220,177,220,177
1,179,220,180,220,179
1,182,219,182,220,182
1,184,219,184,219,184
1,186,219,187,219,187
1,189,219,189,219,189
1,191,219,192,218,192
1,194,218,194,218,194
1,196,218,197,218,197
1,199,218,199,218,199
1,201,218,202,218,202
1,204,217,204,217,204
1,206,217,207,217,207
1,208,217,209,217,209
1,211,217,211,217,212
1,213,216,214,216,215
1,217,216,217,216,217
1,220,216,220,216,220
1,222,216,223,216,222
1,225,216,225,216,225
1,227,216,227,216,228
1,230,215,231,215,230
1,232,215,233,215,233
1,235,215,235,215,235
1,237,215,238,215,237
1,239,215,240,214,240
1,242,214,242,215,242
1,244,214,245,214,245
1,246,214,247,213,247
1,249,213,249,213,249
1,251,213,252,213,252
1,253,213,254,213,254
1,256,213,256,213,257
1,258,213,260,213,260
1,262,212,262,212,262
1,264,212,265,212,265
1,267,212,267,212,267
1,270,211,270,211,270
1,272,211,273,211,272
1,275,211,275,211,275
1,277,211,278,211,277
1,279,211,280,210,280
1,282,210,282,210,283
1,284,210,285,210,285
1,287,210,287,210,288
1,290,210,290,210,290
1,292,210,292,210,292
1,294,210,295,209,295
1,297,209,297,209,297
1,299,209,299,209,300
1,302,209,303,208,302
1,305,209,305,208,304
1,307,208,307,208,307
1,309,208,310,208,309
1,311,208,312,207,312
1,314,207,314,207,314
1,316,207,317,207,317
1,319,207,319,207,319
1,321,207,322,207,321
1,324,207,324,207,324
1,326,207,326,207,326
1,328,206,329,206,329
1,331,206,331,206,331
1,333,206,334,206,334
1,335,206,336,206,337
1,338,206,339,206,339
1,341,206,341,206,341
1,343,205,343,205,344
1,346,205,347,204,346
1,349,205,349,205,349
1,351,204,351,205,351
1,353,204,354,204,353
1,356,204,356,204,356
1,358,204,359,204,358
1,360,203,361,204,360
1,363,203,363,203,363
1,365,203,365,203,366
1,367,203,368,203,368
1,370,203,370,203,371
1,372,203,373,202,374
1,375,203,375,202,376
1,378,202,378,202,379
1,380,202,381,202,382
1,383,202,383,202,385
1,385,202,386,202,387
1,390,202,390,202,390
1,392,202,392,201,393
1,394,201,395,201,395
1,397,201,397,201,398
1,400,201,400,201,400
1,402,201,403,201,403
1,405,201,405,201,405
1,407,201,408,201,408
1,410,201,410,201,410
1,412,200,412,200,413
1,414,200,415,200,416
1,418,200,418,200,418
1,420,200,420,200,421
1,422,200,423,200,424
1,425,200,425,200,426
1,428,200,428,199,429
1,431,199,432,199,431
1,434,199,434,199,434
1,436,199,436,199,436
1,438,199,439,199,438
1,441,199,441,199,441
1,443,199,443,199,443
1,445,198,446,198,446
1,448,198,448,198,448
1,450,198,451,198,451
1,453,198,453,198,454
1,455,198,456,198,456
1,458,198,459,198,459
1,461,198,461,198,461
1,463,197,463,197,464
1,465,197,466,197,466
1,468,196,468,197,469
1,470,197,471,197,472
1,473,197,474,197,474
1,476,197,476,197,477
1,479,196,480,196,479
1,482,196,482,196,483
1,484,196,484,196,485
1,487,196,488,196,487
1,490,196,490,196,490
1,492,196,492,196,492
1,494,196,495,196,494
1,496,195,497,195,497
1,499,195,499,195,499
1,501,195,502,195,502
1,503,195,504,194,504
1,506,195,506,194,507
1,508,195,509,194,509
1,511,194,511,194,511
1,513,194,513,194,514
1,516,194,517,194,517
1,519,194,519,194,519
1,521,194,522,194,522
1,524,194,524,194,525
1,527,194,527,194,527
1,529,194,530,193,529
1,532,193,532,193,532
1,534,193,534,193,534
1,536,193,537,193,537
1,539,193,539,193,540
1,541,193,542,193,543
1,544,193,544,192,545
1,547,192,547,192,548
1,549,192,550,192,551
1,552,192,552,192,554
1,554,192,555,192,556
1,558,192,559,192,559
1,561,192,561,192,562
1,563,192,564,192,564
1,566,191,566,191,567
1,569,191,569,191,569
1,571,191,572,191,572
1,574,191,574,191,575
1,577,191,577,191,577
1,579,191,580,191,581
1,582,191,582,191,583
1,584,191,585,191,586
1,587,191,588,190,588
1,590,191,590,191,592
1,592,191,593,191,594
1,596,191,596,190,597
1,598,190,599,191,599
1,602,190,602,190,602
1,604,190,604,190,605
1,607,190,607,190,607
1,609,190,610,190,611
1,612,190,612,189,613
1,614,189,615,189,616
1,618,189,618,189,618
1,620,189,621,189,621
1,623,189,623,189,624
1,626,189,626,189,627
1,628,189,629,189,629
1,631,189,631,188,632
1,633,188,634,188,635
1,636,188,637,188,637
1,639,188,639,188,640
1,641,188,641,188,642
1,644,188,645,188,645
1,647,187,647,188,647
1,649,187,650,187,650
1,652,187,652,187,653
1,654,187,655,187,655
1,657,187,658,187,658
1,660,187,660,187,661
1,662,187,662,187,664
1,664,187,665,186,667
1,668,187,668,187,669
1,671,187,671,187,672
1,673,187,674,187,675
1,676,187,676,187,677
1,679,187,679,186,680
1,681,186,682,186,682
1,684,186,684,186,685
1,687,186,688,186,687
1,690,186,690,186,690
1,692,186,692,186,692
1,694,186,695,186,695
1,697,186,697,185,697
1,699,185,700,186,700
1,702,185,702,185,703
1,704,185,705,185,705
1,707,185,707,185,708
1,709,185,710,185,710
1,712,185,712,185,713
1,714,185,715,184,716
1,717,184,718,185,719
1,720,185,720,185,721
1,723,185,723,185,724
1,725,185,725,185,726
1,727,185,729,185,728
1,731,184,731,184,731
1,733,184,734,184,733
1,735,184,736,184,736
1,738,184,738,184,739
1,741,184,741,184,742
1,743,184,744,184,745
1,746,184,746,184,747
1,749,183,749,183,751
1,752,183,752,183,754
1,754,183,755,183,756
1,757,183,758,183,759
1,760,183,761,183,762
1,763,183,763,183,765
1,765,183,766,182,767
1,768,183,769,183,770
1,772,183,772,183,773
1,775,183,775,183,776
1,778,183,778,182,779
1,780,183,781,182,782
1,783,182,784,182,784
1,786,182,786,182,787
1,789,182,789,182,790
1,791,182,792,182,793
1,794,182,795,182,796
1,797,182,798,182,799
1,800,182,800,182,802
1,803,182,803,182,805
1,806,182,806,182,807
1,809,182,809,182,810
1,811,182,812,182,813
1,815,182,816,182,816
1,818,182,818,182,819
1,820,182,821,182,821
1,823,182,824,181,823
1,825,182,826,182,826
1,828,182,828,182,828
1,830,182,831,181,831
1,833,181,833,181,833
1,835,181,835,181,836
1,837,181,838,181,838
1,840,181,840,181,840
1,842,181,842,181,843
1,844,181,845,181,845
1,847,180,847,180,848
1,849,180,850,180,850
1,852,180,852,180,853
1,854,180,854,180,855
1,857,180,858,180,857
1,860,180,860,180,860
1,862,180,862,180,862
1,864,180,865,179,865
1,867,179,867,180,867
1,869,179,870,179,870
1,872,179,872,180,872
1,874,179,875,179,875
1,877,179,877,179,877
1,879,179,879,179,880
1,881,179,882,178,882
1,884,179,884,179,885
1,886,179,887,179,887
1,889,179,889,178,890
1,891,179,891,179,892
1,893,178,894,178,894
1,896,178,896,178,897
1,898,178,900,178,900
1,902,178,902,178,902
1,904,178,905,178,905
1,907,178,907,178,907
1,909,178,910,178,910
1,912,178,912,178,912
1,914,178,915,178,915
1,917,177,917,177,917
1,919,177,919,177,920
1,921,177,922,177,922
1,924,177,924,177,925
1,926,177,927,177,927
1,929,177,929,177,930
1,931,177,932,176,932
1,934,176,934,176,934
1,936,176,936,176,937
1,938,176,939,176,939
1,942,176,942,176,942
1,944,175,944,176,944
1,946,176,947,175,947
1,949,175,949,175,949
1,951,175,952,175,952
1,954,175,954,175,954
1,956,175,957,175,957
1,959,175,959,175,959
1,961,175,961,175,962
1,963,175,964,175,964
1,966,175,966,175,967
1,968,175,969,175,969
1,971,175,971,175,972
1,973,175,974,175,974
1,976,175,976,175,977
1,978,175,979,175,980
1,981,175,981,175,982
1,983,175,985,175,984
1,987,175,987,175,987
1,989,175,989,175,989
1,991,175,992,175,992
1,994,175,994,175,994
1,996,174,997,174,997
1,999,174,999,174,999
1,6,238,6,238,2
1,8,238,9,238,5
1,11,238,12,237,8
1,15,237,15,237,10
1,17,237,18,236,13
1,20,236,21,236,16
1,23,236,23,236,19
1,25,236,26,236,21
1,28,236,28,236,23
1,30,236,30,235,26
1,32,235,33,235,28
1,35,235,35,235,31
1,37,234,38,234,33
1,40,234,40,234,36
1,42,234,42,233,38
1,44,233,45,233,41
1,47,233,47,233,43
1,49,233,50,233,46
1,52,233,52,232,48
1,54,232,56,232,51
1,58,232,58,231,53
1,61,232,61,231,56
1,63,231,64,231,59
1,66,231,66,231,62
1,68,231,69,230,64
1,71,230,71,230,66
1,73,230,73,229,69
1,75,230,76,229,71
1,78,229,78,229,74
1,80,229,81,229,76
1,83,229,83,229,79
1,85,229,86,228,81
1,88,228,88,228,84
1,90,228,90,228,86
1,92,228,93,227,89
1,95,227,95,227,91
1,97,227,99,227,94
1,101,227,101,227,96
1,103,227,104,226,99
1,106,226,106,226,101
1,108,226,108,225,104
1,110,225,111,225,106
1,113,225,113,225,109
1,115,225,116,225,111
1,118,225,118,225,114
1,120,224,120,224,116
1,122,224,123,224,119
1,125,223,125,223,121
1,127,223,128,223,123
1,130,223,130,223,126
1,132,223,133,223,128
1,135,222,135,222,131
1,137,222,137,222,133
1,139,222,140,221,136
1,143,221,143,221,138
1,145,221,146,221,141
1,148,221,148,220,143
1,150,220,151,221,146
1,153,220,153,220,148
1,155,220,156,220,151
1,158,219,158,220,153
1,160,219,160,219,156
1,162,219,163,219,158
1,165,219,165,219,161
1,167,219,168,219,163
1,170,218,170,218,166
1,172,218,173,218,168
1,174,218,175,218,171
1,177,218,177,218,173
1,179,218,180,217,176
1,182,217,182,217,178
1,185,217,186,217,181
1,188,217,188,216,183
1,190,216,191,216,186
1,193,216,193,216,188
1,195,216,195,216,191
1,197,216,198,216,194
1,201,216,201,215,197
1,203,215,203,215,199
1,205,215,206,215,201
1,208,215,209,214,205
1,211,214,211,214,207
1,213,214,214,214,210
1,216,214,216,214,212
1,218,214,219,214,214
1,221,213,221,213,217
1,223,213,223,213,219
1,225,213,227,213,222
1,229,213,230,213,225
1,232,213,232,213,228
1,234,213,235,212,230
1,237,212,237,212,233
1,240,212,240,212,236
1,242,211,243,212,238
1,245,211,245,211,241
1,247,211,248,211,243
1,250,211,250,211,246
1,252,211,253,210,249
1,255,210,255,210,251
1,257,210,258,210,254
1,260,210,260,210,256
1,262,210,263,210,259
1,265,210,265,210,261
1,267,210,268,209,264
1,271,209,271,209,266
1,273,209,274,209,269
1,276,209,276,209,271
1,278,209,278,209,274
1,280,209,281,208,276
1,283,208,283,209,279
1,285,208,286,208,281
1,288,208,288,208,284
1,290,208,291,208,286
1,293,208,293,207,289
1,295,207,296,207,291
1,298,207,299,207,294
1,301,207,301,207,297
1,303,207,304,206,300
1,305,206,306,206,303
1,309,206,309,206,305
1,312,206,312,206,308
1,314,206,315,206,310
1,317,206,317,205,312
1,319,205,320,205,315
1,322,205,322,205,317
1,324,205,325,205,320
1,327,205,327,205,322
1,329,205,329,205,325
1,331,205,332,204,327
1,334,204,334,204,330
1,336,204,337,204,333
1,339,204,339,204,335
1,341,203,342,203,338
1,344,203,344,203,340
1,347,203,347,203,343
1,349,203,350,203,346
1,352,203,352,203,348
1,355,203,356,203,352
1,359,202,359,202,354
1,361,202,362,203,357
1,363,202,364,202,359
1,366,202,366,202,363
1,369,202,370,202,365
1,372,202,372,202,368
1,374,202,374,201,370
1,377,201,378,201,373
1,380,201,380,201,376
1,382,201,383,201,378
1,385,201,385,201,382
1,388,201,388,201,384
1,390,201,391,200,387
1,393,200,393,200,389
1,395,200,396,200,392
1,399,200,400,200,395
1,402,200,402,200,397
1,404,200,405,199,400
1,407,199,408,200,403
1,410,199,410,199,406
1,412,199,413,199,408
1,415,199,415,199,411
1,417,199,418,199,413
1,419,199,420,199,416
1,422,198,422,198,418
1,424,198,425,198,421
1,427,198,428,198,423
1,429,198,430,198,426
1,432,198,432,198,428
1,434,198,435,198,431
1,437,197,437,197,433
1,440,197,441,197,436
1,442,197,443,197,438
1,445,197,445,197,441
1,447,197,448,197,443
1,450,197,450,196,446
1,452,196,453,196,448
1,455,196,456,196,451
1,458,196,459,196,454
1,461,196,461,196,457
1,464,196,464,196,460
1,467,196,467,196,463
1,469,196,470,196,466
1,472,195,472,195,468
1,474,195,475,195,471
1,477,195,478,195,474
1,480,195,480,195,476
1,483,195,484,194,479
1,486,195,487,194,482
1,489,194,489,194,485
1,491,194,492,194,487
1,494,194,494,193,490
1,497,194,497,194,493
1,499,194,500,194,495
1,502,194,502,193,498
1,504,193,505,193,501
1,507,193,508,193,504
1,510,193,510,193,506
1,512,193,513,193,508
1,514,193,515,193,511
1,517,193,517,193,513
1,519,193,520,193,516
1,521,192,522,192,518
1,524,192,524,192,520
1,527,192,528,192,523
1,529,192,530,192,525
1,532,192,532,192,528
1,534,192,535,192,530
1,537,192,537,191,533
1,539,191,540,190,535
1,542,191,542,191,538
1,544,191,545,191,541
1,547,191,548,191,543
1,550,191,550,191,546
1,552,191,552,191,548
1,554,190,555,190,551
1,557,190,557,190,553
1,559,190,560,190,556
1,562,190,562,190,558
1,564,190,565,190,561
1,568,190,568,190,564
1,570,190,571,190,566
1,573,190,573,189,569
1,576,189,576,189,572
1,578,189,579,189,574
1,581,189,581,189,577
1,583,189,584,189,580
1,587,189,587,189,583
1,589,189,590,189,585
1,592,188,592,188,588
1,594,188,594,188,590
1,596,188,597,188,593
1,599,188,599,188,595
1,601,188,602,188,598
1,604,188,604,188,600
1,606,187,607,187,603
1,609,187,609,187,605
1,612,187,612,187,608
1,614,187,615,187,610
1,617,187,617,186,613
1,619,187,620,187,615
1,622,187,622,187,618
1,624,186,625,186,620
1,627,186,627,186,623
1,629,186,630,186,626
1,632,186,633,186,628
1,634,186,635,186,631
1,637,186,638,185,633
1,640,185,640,185,636
1,642,185,643,185,639
1,645,185,645,185,641
1,647,185,648,185,644
1,650,185,650,185,646
1,652,185,654,185,649
1,656,184,656,184,651
1,658,184,659,184,654
1,661,184,661,184,656
1,663,184,663,184,659
1,666,184,666,184,661
1,668,184,668,184,664
1,670,184,671,184,666
1,673,184,673,184,670
1,676,184,677,184,672
1,678,184,679,184,675
1,681,184,681,184,677
1,684,184,685,184,681
1,687,183,687,183,683
1,689,183,690,183,686
1,692,183,692,183,688
1,696,183,696,183,691
1,698,183,699,183,694
1,700,183,701,183,696
1,703,183,703,183,700
1,706,183,707,183,702
1,709,183,709,183,705
1,711,183,711,183,707
1,713,183,714,183,709
1,716,183,716,183,712
1,718,183,718,183,714
1,720,183,721,182,717
1,724,182,724,182,720
1,727,182,727,182,723
1,729,182,730,182,726
1,732,182,733,182,730
1,736,182,736,182,732
1,739,182,740,181,735
1,742,181,743,181,738
1,745,181,745,181,741
1,747,181,748,181,743
1,750,181,750,181,746
1,752,181,753,181,749
1,755,181,756,181,751
1,757,181,758,181,754
1,760,181,760,181,756
1,762,181,763,180,759
1,765,181,766,181,762
1,768,181,768,181,764
1,770,181,771,180,767
1,774,181,774,181,770
1,776,181,777,181,773
1,779,181,779,181,775
1,782,181,782,181,779
1,785,181,786,181,781
1,788,181,788,180,784
1,790,180,791,180,786
1,793,180,793,180,789
1,796,180,796,180,792
1,798,180,799,180,794
1,801,180,801,180,797
1,803,180,803,180,799
1,805,180,806,180,802
1,808,180,808,179,804
1,810,179,810,180,806
1,813,180,814,180,810
1,815,180,816,180,812
1,818,180,818,180,814
1,820,180,821,180,817
1,824,180,824,180,820
1,826,180,827,180,822
1,829,180,829,180,825
1,831,180,832,180,827
1,834,180,834,180,830
1,836,180,837,180,832
1,839,180,839,179,835
1,841,179,842,180,837
1,843,179,844,179,840
1,846,179,846,179,842
1,848,179,849,179,845
1,851,179,851,179,848
1,854,179,854,179,850
1,856,179,857,178,853
1,859,178,859,178,856
1,861,178,862,178,859
1,864,178,865,179,861
1,868,178,868,178,864
1,870,178,871,178,866
1,874,178,874,178,870
1,876,178,877,178,872
1,878,178,879,178,875
1,881,178,881,178,878
1,884,178,885,178,880
1,887,178,887,178,883
1,889,177,890,177,885
1,892,177,893,177,889
1,895,177,895,177,891
1,897,177,898,177,894
1,900,177,900,177,896
1,903,177,903,177,899
1,905,176,906,176,902
1,908,176,908,176,904
1,911,176,912,176,908
1,915,176,915,176,911
1,917,176,918,176,913
1,919,176,920,176,916
1,923,176,923,176,919
1,925,176,925,176,921
1,927,176,928,176,924
1,930,176,930,176,926
1,933,176,933,176,929
1,935,176,936,176,932
1,938,176,938,175,934
1,940,175,941,175,938
1,944,175,944,175,940
1,946,175,946,175,943
1,948,175,949,175,945
1,953,175,953,175,948
1,955,175,956,175,951
1,958,175,958,175,954
1,960,175,961,175,957
1,963,175,964,175,959
1,966,175,966,175,962
1,968,175,969,175,964
1,971,175,971,174,968
1,974,174,974,174,970
1,976,174,977,174,973
1,979,174,979,174,975
1,982,174,982,174,978
1,984,174,985,174,981
1,987,174,987,174,983
1,989,174,990,174,987
1,992,174,993,174,989
1,996,174,996,174,992
1,998,174,999,174,994
